--------------------------------------------------------
--  File created - Tuesday-November-09-2021   
--------------------------------------------------------
DROP TABLE "PDBADMIN"."CHITIETKT";
DROP TABLE "PDBADMIN"."CHITIETMAU";
DROP TABLE "PDBADMIN"."CTHD";
DROP TABLE "PDBADMIN"."HOADON";
DROP TABLE "PDBADMIN"."JSON_DOCUMENTS";
DROP TABLE "PDBADMIN"."JSON_DOCUMENTS_MV";
DROP TABLE "PDBADMIN"."KICHTHUOC";
DROP TABLE "PDBADMIN"."LOAI";
DROP TABLE "PDBADMIN"."MAU";
DROP TABLE "PDBADMIN"."PHANQUYEN";
DROP TABLE "PDBADMIN"."SANPHAM";
DROP TABLE "PDBADMIN"."TAIKHOAN";
DROP TABLE "PDBADMIN"."KICHTHUOC";
DROP TABLE "PDBADMIN"."SANPHAM";
DROP TABLE "PDBADMIN"."MAU";
DROP TABLE "PDBADMIN"."HOADON";
DROP TABLE "PDBADMIN"."TAIKHOAN";
DROP TABLE "PDBADMIN"."LOAI";
DROP TABLE "PDBADMIN"."PHANQUYEN";
DROP TABLE "PDBADMIN"."CHITIETKT";
DROP TABLE "PDBADMIN"."CHITIETMAU";
DROP TABLE "PDBADMIN"."CTHD";
DROP TABLE "PDBADMIN"."JSON_DOCUMENTS";
--------------------------------------------------------
--  DDL for Table CHITIETKT
--------------------------------------------------------

  CREATE TABLE "PDBADMIN"."CHITIETKT" 
   (	"MASP" NUMBER, 
	"MAKT" NUMBER
   ) SEGMENT CREATION IMMEDIATE 
  PCTFREE 10 PCTUSED 40 INITRANS 1 MAXTRANS 255 
 NOCOMPRESS LOGGING
  STORAGE(INITIAL 65536 NEXT 1048576 MINEXTENTS 1 MAXEXTENTS 2147483645
  PCTINCREASE 0 FREELISTS 1 FREELIST GROUPS 1
  BUFFER_POOL DEFAULT FLASH_CACHE DEFAULT CELL_FLASH_CACHE DEFAULT)
  TABLESPACE "USERS" ;
--------------------------------------------------------
--  DDL for Table CHITIETMAU
--------------------------------------------------------

  CREATE TABLE "PDBADMIN"."CHITIETMAU" 
   (	"MASP" NUMBER, 
	"MAMAU" NUMBER
   ) SEGMENT CREATION IMMEDIATE 
  PCTFREE 10 PCTUSED 40 INITRANS 1 MAXTRANS 255 
 NOCOMPRESS LOGGING
  STORAGE(INITIAL 65536 NEXT 1048576 MINEXTENTS 1 MAXEXTENTS 2147483645
  PCTINCREASE 0 FREELISTS 1 FREELIST GROUPS 1
  BUFFER_POOL DEFAULT FLASH_CACHE DEFAULT CELL_FLASH_CACHE DEFAULT)
  TABLESPACE "USERS" ;
--------------------------------------------------------
--  DDL for Table CTHD
--------------------------------------------------------

  CREATE TABLE "PDBADMIN"."CTHD" 
   (	"MAHD" NUMBER, 
	"MASP" NUMBER, 
	"MAMAU" NUMBER, 
	"MAKT" NUMBER, 
	"SOLUONG" NUMBER(*,0), 
	"DONGIA" NUMBER
   ) SEGMENT CREATION IMMEDIATE 
  PCTFREE 10 PCTUSED 40 INITRANS 1 MAXTRANS 255 
 NOCOMPRESS LOGGING
  STORAGE(INITIAL 65536 NEXT 1048576 MINEXTENTS 1 MAXEXTENTS 2147483645
  PCTINCREASE 0 FREELISTS 1 FREELIST GROUPS 1
  BUFFER_POOL DEFAULT FLASH_CACHE DEFAULT CELL_FLASH_CACHE DEFAULT)
  TABLESPACE "USERS" ;
--------------------------------------------------------
--  DDL for Table HOADON
--------------------------------------------------------

  CREATE TABLE "PDBADMIN"."HOADON" 
   (	"MAHD" NUMBER GENERATED BY DEFAULT ON NULL AS IDENTITY MINVALUE 1 MAXVALUE 9999999999999999999999999999 INCREMENT BY 1 START WITH 1 CACHE 20 NOORDER  NOCYCLE  NOKEEP  NOSCALE , 
	"MAKH" NUMBER, 
	"NGAYLAP" NVARCHAR2(20), 
	"TONGTIEN" NUMBER(*,0), 
	"HOTEN" NVARCHAR2(50), 
	"NOIGIAO" NVARCHAR2(50), 
	"SDT" VARCHAR2(11 BYTE), 
	"TRANGTHAI" NUMBER
   ) SEGMENT CREATION IMMEDIATE 
  PCTFREE 10 PCTUSED 40 INITRANS 1 MAXTRANS 255 
 NOCOMPRESS LOGGING
  STORAGE(INITIAL 65536 NEXT 1048576 MINEXTENTS 1 MAXEXTENTS 2147483645
  PCTINCREASE 0 FREELISTS 1 FREELIST GROUPS 1
  BUFFER_POOL DEFAULT FLASH_CACHE DEFAULT CELL_FLASH_CACHE DEFAULT)
  TABLESPACE "USERS" ;
--------------------------------------------------------
--  DDL for Table JSON_DOCUMENTS
--------------------------------------------------------

  CREATE TABLE "PDBADMIN"."JSON_DOCUMENTS" 
   (	"ID" RAW(16), 
	"DATA" CLOB
   ) SEGMENT CREATION IMMEDIATE 
  PCTFREE 10 PCTUSED 40 INITRANS 1 MAXTRANS 255 
 NOCOMPRESS LOGGING
  STORAGE(INITIAL 65536 NEXT 1048576 MINEXTENTS 1 MAXEXTENTS 2147483645
  PCTINCREASE 0 FREELISTS 1 FREELIST GROUPS 1
  BUFFER_POOL DEFAULT FLASH_CACHE DEFAULT CELL_FLASH_CACHE DEFAULT)
  TABLESPACE "USERS" 
 LOB ("DATA") STORE AS SECUREFILE (
  TABLESPACE "USERS" ENABLE STORAGE IN ROW CHUNK 8192
  CACHE  NOCOMPRESS  KEEP_DUPLICATES 
  STORAGE(INITIAL 106496 NEXT 1048576 MINEXTENTS 1 MAXEXTENTS 2147483645
  PCTINCREASE 0
  BUFFER_POOL DEFAULT FLASH_CACHE DEFAULT CELL_FLASH_CACHE DEFAULT)) ;
--------------------------------------------------------
--  DDL for Table JSON_DOCUMENTS_MV
--------------------------------------------------------

  CREATE TABLE "PDBADMIN"."JSON_DOCUMENTS_MV" 
   (	"ID" RAW(16), 
	"FIRSTNAME" VARCHAR2(4000 BYTE), 
	"LASTNAME" VARCHAR2(4000 BYTE), 
	"JOB" VARCHAR2(4000 BYTE), 
	"ACTIVE" VARCHAR2(4000 BYTE), 
	"EMAIL" VARCHAR2(4000 BYTE), 
	"PHONE" VARCHAR2(4000 BYTE)
   ) SEGMENT CREATION IMMEDIATE 
  PCTFREE 10 PCTUSED 40 INITRANS 1 MAXTRANS 255 
 NOCOMPRESS LOGGING
  STORAGE(INITIAL 65536 NEXT 1048576 MINEXTENTS 1 MAXEXTENTS 2147483645
  PCTINCREASE 0 FREELISTS 1 FREELIST GROUPS 1
  BUFFER_POOL DEFAULT FLASH_CACHE DEFAULT CELL_FLASH_CACHE DEFAULT)
  TABLESPACE "USERS" ;
--------------------------------------------------------
--  DDL for Table KICHTHUOC
--------------------------------------------------------

  CREATE TABLE "PDBADMIN"."KICHTHUOC" 
   (	"MAKT" NUMBER GENERATED BY DEFAULT ON NULL AS IDENTITY MINVALUE 1 MAXVALUE 9999999999999999999999999999 INCREMENT BY 1 START WITH 1 CACHE 20 NOORDER  NOCYCLE  NOKEEP  NOSCALE , 
	"TENKT" VARCHAR2(5 BYTE)
   ) SEGMENT CREATION IMMEDIATE 
  PCTFREE 10 PCTUSED 40 INITRANS 1 MAXTRANS 255 
 NOCOMPRESS LOGGING
  STORAGE(INITIAL 65536 NEXT 1048576 MINEXTENTS 1 MAXEXTENTS 2147483645
  PCTINCREASE 0 FREELISTS 1 FREELIST GROUPS 1
  BUFFER_POOL DEFAULT FLASH_CACHE DEFAULT CELL_FLASH_CACHE DEFAULT)
  TABLESPACE "USERS" ;
--------------------------------------------------------
--  DDL for Table LOAI
--------------------------------------------------------

  CREATE TABLE "PDBADMIN"."LOAI" 
   (	"MALOAI" NUMBER GENERATED BY DEFAULT ON NULL AS IDENTITY MINVALUE 1 MAXVALUE 9999999999999999999999999999 INCREMENT BY 1 START WITH 1 CACHE 20 NOORDER  NOCYCLE  NOKEEP  NOSCALE , 
	"TENLOAI" NVARCHAR2(50)
   ) SEGMENT CREATION IMMEDIATE 
  PCTFREE 10 PCTUSED 40 INITRANS 1 MAXTRANS 255 
 NOCOMPRESS LOGGING
  STORAGE(INITIAL 65536 NEXT 1048576 MINEXTENTS 1 MAXEXTENTS 2147483645
  PCTINCREASE 0 FREELISTS 1 FREELIST GROUPS 1
  BUFFER_POOL DEFAULT FLASH_CACHE DEFAULT CELL_FLASH_CACHE DEFAULT)
  TABLESPACE "USERS" ;
--------------------------------------------------------
--  DDL for Table MAU
--------------------------------------------------------

  CREATE TABLE "PDBADMIN"."MAU" 
   (	"MAMAU" NUMBER GENERATED BY DEFAULT ON NULL AS IDENTITY MINVALUE 1 MAXVALUE 9999999999999999999999999999 INCREMENT BY 1 START WITH 1 CACHE 20 NOORDER  NOCYCLE  NOKEEP  NOSCALE , 
	"TENMAU" NVARCHAR2(100)
   ) SEGMENT CREATION IMMEDIATE 
  PCTFREE 10 PCTUSED 40 INITRANS 1 MAXTRANS 255 
 NOCOMPRESS LOGGING
  STORAGE(INITIAL 65536 NEXT 1048576 MINEXTENTS 1 MAXEXTENTS 2147483645
  PCTINCREASE 0 FREELISTS 1 FREELIST GROUPS 1
  BUFFER_POOL DEFAULT FLASH_CACHE DEFAULT CELL_FLASH_CACHE DEFAULT)
  TABLESPACE "USERS" ;
--------------------------------------------------------
--  DDL for Table PHANQUYEN
--------------------------------------------------------

  CREATE TABLE "PDBADMIN"."PHANQUYEN" 
   (	"ROLE_ID" NUMBER, 
	"QUYEN" VARCHAR2(20 BYTE)
   ) SEGMENT CREATION IMMEDIATE 
  PCTFREE 10 PCTUSED 40 INITRANS 1 MAXTRANS 255 
 NOCOMPRESS LOGGING
  STORAGE(INITIAL 65536 NEXT 1048576 MINEXTENTS 1 MAXEXTENTS 2147483645
  PCTINCREASE 0 FREELISTS 1 FREELIST GROUPS 1
  BUFFER_POOL DEFAULT FLASH_CACHE DEFAULT CELL_FLASH_CACHE DEFAULT)
  TABLESPACE "USERS" ;
--------------------------------------------------------
--  DDL for Table SANPHAM
--------------------------------------------------------

  CREATE TABLE "PDBADMIN"."SANPHAM" 
   (	"MASP" NUMBER GENERATED BY DEFAULT ON NULL AS IDENTITY MINVALUE 1 MAXVALUE 9999999999999999999999999999 INCREMENT BY 1 START WITH 1 CACHE 20 NOORDER  NOCYCLE  NOKEEP  NOSCALE , 
	"TENSP" NVARCHAR2(50), 
	"DONGIA" NUMBER, 
	"HINH" NVARCHAR2(50), 
	"HINH_RONG" NVARCHAR2(50), 
	"MALOAI" NUMBER, 
	"MOTA" NVARCHAR2(500), 
	"NGAYLAP" NVARCHAR2(50), 
	"TRANGTHAI" NUMBER
   ) SEGMENT CREATION IMMEDIATE 
  PCTFREE 10 PCTUSED 40 INITRANS 1 MAXTRANS 255 
 NOCOMPRESS LOGGING
  STORAGE(INITIAL 65536 NEXT 1048576 MINEXTENTS 1 MAXEXTENTS 2147483645
  PCTINCREASE 0 FREELISTS 1 FREELIST GROUPS 1
  BUFFER_POOL DEFAULT FLASH_CACHE DEFAULT CELL_FLASH_CACHE DEFAULT)
  TABLESPACE "USERS" ;
--------------------------------------------------------
--  DDL for Table TAIKHOAN
--------------------------------------------------------

  CREATE TABLE "PDBADMIN"."TAIKHOAN" 
   (	"MATK" NUMBER GENERATED BY DEFAULT ON NULL AS IDENTITY MINVALUE 1 MAXVALUE 9999999999999999999999999999 INCREMENT BY 1 START WITH 1 CACHE 20 NOORDER  NOCYCLE  NOKEEP  NOSCALE , 
	"TENCHUTK" NVARCHAR2(50), 
	"SDT" NUMBER(*,0), 
	"EMAIL" VARCHAR2(50 BYTE), 
	"DIACHI" NVARCHAR2(50), 
	"NGAYSINH" NVARCHAR2(50), 
	"TENDN" NVARCHAR2(50), 
	"MATKHAU" NVARCHAR2(100), 
	"ROLE_ID" NUMBER
   ) SEGMENT CREATION IMMEDIATE 
  PCTFREE 10 PCTUSED 40 INITRANS 1 MAXTRANS 255 
 NOCOMPRESS LOGGING
  STORAGE(INITIAL 65536 NEXT 1048576 MINEXTENTS 1 MAXEXTENTS 2147483645
  PCTINCREASE 0 FREELISTS 1 FREELIST GROUPS 1
  BUFFER_POOL DEFAULT FLASH_CACHE DEFAULT CELL_FLASH_CACHE DEFAULT)
  TABLESPACE "USERS" ;
--------------------------------------------------------
--  DDL for Table KICHTHUOC
--------------------------------------------------------

  CREATE TABLE "PDBADMIN"."KICHTHUOC" 
   (	"MAKT" NUMBER GENERATED BY DEFAULT ON NULL AS IDENTITY MINVALUE 1 MAXVALUE 9999999999999999999999999999 INCREMENT BY 1 START WITH 1 CACHE 20 NOORDER  NOCYCLE  NOKEEP  NOSCALE , 
	"TENKT" VARCHAR2(5 BYTE)
   ) SEGMENT CREATION IMMEDIATE 
  PCTFREE 10 PCTUSED 40 INITRANS 1 MAXTRANS 255 
 NOCOMPRESS LOGGING
  STORAGE(INITIAL 65536 NEXT 1048576 MINEXTENTS 1 MAXEXTENTS 2147483645
  PCTINCREASE 0 FREELISTS 1 FREELIST GROUPS 1
  BUFFER_POOL DEFAULT FLASH_CACHE DEFAULT CELL_FLASH_CACHE DEFAULT)
  TABLESPACE "USERS" ;
--------------------------------------------------------
--  DDL for Table SANPHAM
--------------------------------------------------------

  CREATE TABLE "PDBADMIN"."SANPHAM" 
   (	"MASP" NUMBER GENERATED BY DEFAULT ON NULL AS IDENTITY MINVALUE 1 MAXVALUE 9999999999999999999999999999 INCREMENT BY 1 START WITH 1 CACHE 20 NOORDER  NOCYCLE  NOKEEP  NOSCALE , 
	"TENSP" NVARCHAR2(50), 
	"DONGIA" NUMBER, 
	"HINH" NVARCHAR2(50), 
	"HINH_RONG" NVARCHAR2(50), 
	"MALOAI" NUMBER, 
	"MOTA" NVARCHAR2(500), 
	"NGAYLAP" NVARCHAR2(50), 
	"TRANGTHAI" NUMBER
   ) SEGMENT CREATION IMMEDIATE 
  PCTFREE 10 PCTUSED 40 INITRANS 1 MAXTRANS 255 
 NOCOMPRESS LOGGING
  STORAGE(INITIAL 65536 NEXT 1048576 MINEXTENTS 1 MAXEXTENTS 2147483645
  PCTINCREASE 0 FREELISTS 1 FREELIST GROUPS 1
  BUFFER_POOL DEFAULT FLASH_CACHE DEFAULT CELL_FLASH_CACHE DEFAULT)
  TABLESPACE "USERS" ;
--------------------------------------------------------
--  DDL for Table MAU
--------------------------------------------------------

  CREATE TABLE "PDBADMIN"."MAU" 
   (	"MAMAU" NUMBER GENERATED BY DEFAULT ON NULL AS IDENTITY MINVALUE 1 MAXVALUE 9999999999999999999999999999 INCREMENT BY 1 START WITH 1 CACHE 20 NOORDER  NOCYCLE  NOKEEP  NOSCALE , 
	"TENMAU" NVARCHAR2(100)
   ) SEGMENT CREATION IMMEDIATE 
  PCTFREE 10 PCTUSED 40 INITRANS 1 MAXTRANS 255 
 NOCOMPRESS LOGGING
  STORAGE(INITIAL 65536 NEXT 1048576 MINEXTENTS 1 MAXEXTENTS 2147483645
  PCTINCREASE 0 FREELISTS 1 FREELIST GROUPS 1
  BUFFER_POOL DEFAULT FLASH_CACHE DEFAULT CELL_FLASH_CACHE DEFAULT)
  TABLESPACE "USERS" ;
--------------------------------------------------------
--  DDL for Table HOADON
--------------------------------------------------------

  CREATE TABLE "PDBADMIN"."HOADON" 
   (	"MAHD" NUMBER GENERATED BY DEFAULT ON NULL AS IDENTITY MINVALUE 1 MAXVALUE 9999999999999999999999999999 INCREMENT BY 1 START WITH 1 CACHE 20 NOORDER  NOCYCLE  NOKEEP  NOSCALE , 
	"MAKH" NUMBER, 
	"NGAYLAP" NVARCHAR2(20), 
	"TONGTIEN" NUMBER(*,0), 
	"HOTEN" NVARCHAR2(50), 
	"NOIGIAO" NVARCHAR2(50), 
	"SDT" VARCHAR2(11 BYTE), 
	"TRANGTHAI" NUMBER
   ) SEGMENT CREATION IMMEDIATE 
  PCTFREE 10 PCTUSED 40 INITRANS 1 MAXTRANS 255 
 NOCOMPRESS LOGGING
  STORAGE(INITIAL 65536 NEXT 1048576 MINEXTENTS 1 MAXEXTENTS 2147483645
  PCTINCREASE 0 FREELISTS 1 FREELIST GROUPS 1
  BUFFER_POOL DEFAULT FLASH_CACHE DEFAULT CELL_FLASH_CACHE DEFAULT)
  TABLESPACE "USERS" ;
--------------------------------------------------------
--  DDL for Table TAIKHOAN
--------------------------------------------------------

  CREATE TABLE "PDBADMIN"."TAIKHOAN" 
   (	"MATK" NUMBER GENERATED BY DEFAULT ON NULL AS IDENTITY MINVALUE 1 MAXVALUE 9999999999999999999999999999 INCREMENT BY 1 START WITH 1 CACHE 20 NOORDER  NOCYCLE  NOKEEP  NOSCALE , 
	"TENCHUTK" NVARCHAR2(50), 
	"SDT" NUMBER(*,0), 
	"EMAIL" VARCHAR2(50 BYTE), 
	"DIACHI" NVARCHAR2(50), 
	"NGAYSINH" NVARCHAR2(50), 
	"TENDN" NVARCHAR2(50), 
	"MATKHAU" NVARCHAR2(100), 
	"ROLE_ID" NUMBER
   ) SEGMENT CREATION IMMEDIATE 
  PCTFREE 10 PCTUSED 40 INITRANS 1 MAXTRANS 255 
 NOCOMPRESS LOGGING
  STORAGE(INITIAL 65536 NEXT 1048576 MINEXTENTS 1 MAXEXTENTS 2147483645
  PCTINCREASE 0 FREELISTS 1 FREELIST GROUPS 1
  BUFFER_POOL DEFAULT FLASH_CACHE DEFAULT CELL_FLASH_CACHE DEFAULT)
  TABLESPACE "USERS" ;
--------------------------------------------------------
--  DDL for Table LOAI
--------------------------------------------------------

  CREATE TABLE "PDBADMIN"."LOAI" 
   (	"MALOAI" NUMBER GENERATED BY DEFAULT ON NULL AS IDENTITY MINVALUE 1 MAXVALUE 9999999999999999999999999999 INCREMENT BY 1 START WITH 1 CACHE 20 NOORDER  NOCYCLE  NOKEEP  NOSCALE , 
	"TENLOAI" NVARCHAR2(50)
   ) SEGMENT CREATION IMMEDIATE 
  PCTFREE 10 PCTUSED 40 INITRANS 1 MAXTRANS 255 
 NOCOMPRESS LOGGING
  STORAGE(INITIAL 65536 NEXT 1048576 MINEXTENTS 1 MAXEXTENTS 2147483645
  PCTINCREASE 0 FREELISTS 1 FREELIST GROUPS 1
  BUFFER_POOL DEFAULT FLASH_CACHE DEFAULT CELL_FLASH_CACHE DEFAULT)
  TABLESPACE "USERS" ;
--------------------------------------------------------
--  DDL for Table PHANQUYEN
--------------------------------------------------------

  CREATE TABLE "PDBADMIN"."PHANQUYEN" 
   (	"ROLE_ID" NUMBER, 
	"QUYEN" VARCHAR2(20 BYTE)
   ) SEGMENT CREATION IMMEDIATE 
  PCTFREE 10 PCTUSED 40 INITRANS 1 MAXTRANS 255 
 NOCOMPRESS LOGGING
  STORAGE(INITIAL 65536 NEXT 1048576 MINEXTENTS 1 MAXEXTENTS 2147483645
  PCTINCREASE 0 FREELISTS 1 FREELIST GROUPS 1
  BUFFER_POOL DEFAULT FLASH_CACHE DEFAULT CELL_FLASH_CACHE DEFAULT)
  TABLESPACE "USERS" ;
--------------------------------------------------------
--  DDL for Table CHITIETKT
--------------------------------------------------------

  CREATE TABLE "PDBADMIN"."CHITIETKT" 
   (	"MASP" NUMBER, 
	"MAKT" NUMBER
   ) SEGMENT CREATION IMMEDIATE 
  PCTFREE 10 PCTUSED 40 INITRANS 1 MAXTRANS 255 
 NOCOMPRESS LOGGING
  STORAGE(INITIAL 65536 NEXT 1048576 MINEXTENTS 1 MAXEXTENTS 2147483645
  PCTINCREASE 0 FREELISTS 1 FREELIST GROUPS 1
  BUFFER_POOL DEFAULT FLASH_CACHE DEFAULT CELL_FLASH_CACHE DEFAULT)
  TABLESPACE "USERS" ;
--------------------------------------------------------
--  DDL for Table CHITIETMAU
--------------------------------------------------------

  CREATE TABLE "PDBADMIN"."CHITIETMAU" 
   (	"MASP" NUMBER, 
	"MAMAU" NUMBER
   ) SEGMENT CREATION IMMEDIATE 
  PCTFREE 10 PCTUSED 40 INITRANS 1 MAXTRANS 255 
 NOCOMPRESS LOGGING
  STORAGE(INITIAL 65536 NEXT 1048576 MINEXTENTS 1 MAXEXTENTS 2147483645
  PCTINCREASE 0 FREELISTS 1 FREELIST GROUPS 1
  BUFFER_POOL DEFAULT FLASH_CACHE DEFAULT CELL_FLASH_CACHE DEFAULT)
  TABLESPACE "USERS" ;
--------------------------------------------------------
--  DDL for Table CTHD
--------------------------------------------------------

  CREATE TABLE "PDBADMIN"."CTHD" 
   (	"MAHD" NUMBER, 
	"MASP" NUMBER, 
	"MAMAU" NUMBER, 
	"MAKT" NUMBER, 
	"SOLUONG" NUMBER(*,0), 
	"DONGIA" NUMBER
   ) SEGMENT CREATION IMMEDIATE 
  PCTFREE 10 PCTUSED 40 INITRANS 1 MAXTRANS 255 
 NOCOMPRESS LOGGING
  STORAGE(INITIAL 65536 NEXT 1048576 MINEXTENTS 1 MAXEXTENTS 2147483645
  PCTINCREASE 0 FREELISTS 1 FREELIST GROUPS 1
  BUFFER_POOL DEFAULT FLASH_CACHE DEFAULT CELL_FLASH_CACHE DEFAULT)
  TABLESPACE "USERS" ;
--------------------------------------------------------
--  DDL for Table JSON_DOCUMENTS
--------------------------------------------------------

  CREATE TABLE "PDBADMIN"."JSON_DOCUMENTS" 
   (	"ID" RAW(16), 
	"DATA" CLOB
   ) SEGMENT CREATION IMMEDIATE 
  PCTFREE 10 PCTUSED 40 INITRANS 1 MAXTRANS 255 
 NOCOMPRESS LOGGING
  STORAGE(INITIAL 65536 NEXT 1048576 MINEXTENTS 1 MAXEXTENTS 2147483645
  PCTINCREASE 0 FREELISTS 1 FREELIST GROUPS 1
  BUFFER_POOL DEFAULT FLASH_CACHE DEFAULT CELL_FLASH_CACHE DEFAULT)
  TABLESPACE "USERS" 
 LOB ("DATA") STORE AS SECUREFILE (
  TABLESPACE "USERS" ENABLE STORAGE IN ROW CHUNK 8192
  CACHE  NOCOMPRESS  KEEP_DUPLICATES 
  STORAGE(INITIAL 106496 NEXT 1048576 MINEXTENTS 1 MAXEXTENTS 2147483645
  PCTINCREASE 0
  BUFFER_POOL DEFAULT FLASH_CACHE DEFAULT CELL_FLASH_CACHE DEFAULT)) ;
--------------------------------------------------------
--  DDL for Materialized View JSON_DOCUMENTS_MV
--------------------------------------------------------

  CREATE MATERIALIZED VIEW "PDBADMIN"."JSON_DOCUMENTS_MV" ("ID", "FIRSTNAME", "LASTNAME", "JOB", "ACTIVE", "EMAIL", "PHONE")
  SEGMENT CREATION IMMEDIATE
  ORGANIZATION HEAP PCTFREE 10 PCTUSED 40 INITRANS 1 MAXTRANS 255 
 NOCOMPRESS LOGGING
  STORAGE(INITIAL 65536 NEXT 1048576 MINEXTENTS 1 MAXEXTENTS 2147483645
  PCTINCREASE 0 FREELISTS 1 FREELIST GROUPS 1
  BUFFER_POOL DEFAULT FLASH_CACHE DEFAULT CELL_FLASH_CACHE DEFAULT)
  TABLESPACE "USERS" 
  BUILD IMMEDIATE
  USING INDEX PCTFREE 10 INITRANS 2 MAXTRANS 255 
  STORAGE(INITIAL 65536 NEXT 1048576 MINEXTENTS 1 MAXEXTENTS 2147483645
  PCTINCREASE 0 FREELISTS 1 FREELIST GROUPS 1
  BUFFER_POOL DEFAULT FLASH_CACHE DEFAULT CELL_FLASH_CACHE DEFAULT)
  TABLESPACE "USERS" 
  REFRESH FAST ON STATEMENT
  WITH PRIMARY KEY USING DEFAULT LOCAL ROLLBACK SEGMENT
  USING ENFORCED CONSTRAINTS DISABLE ON QUERY COMPUTATION DISABLE QUERY REWRITE
  AS SELECT id, jt.*
FROM   json_documents,
       JSON_TABLE(data, '$'
         COLUMNS (FirstName, LastName, Job, Active,
           NESTED ContactDetails COLUMNS (Email, Phone)
         )
       ) jt;

  CREATE INDEX "PDBADMIN"."I_OS$_JSON_DOCUMENTS_MV" ON "PDBADMIN"."JSON_DOCUMENTS_MV" ("ID") 
  PCTFREE 10 INITRANS 2 MAXTRANS 255 COMPUTE STATISTICS 
  STORAGE(INITIAL 65536 NEXT 1048576 MINEXTENTS 1 MAXEXTENTS 2147483645
  PCTINCREASE 0 FREELISTS 1 FREELIST GROUPS 1
  BUFFER_POOL DEFAULT FLASH_CACHE DEFAULT CELL_FLASH_CACHE DEFAULT)
  TABLESPACE "USERS" ;

   COMMENT ON TABLE "PDBADMIN"."JSON_DOCUMENTS_MV"  IS 'snapshot table for snapshot PDBADMIN.JSON_DOCUMENTS_MV';
REM INSERTING into PDBADMIN.CHITIETKT
SET DEFINE OFF;
Insert into PDBADMIN.CHITIETKT (MASP,MAKT) values (81,1);
Insert into PDBADMIN.CHITIETKT (MASP,MAKT) values (81,2);
Insert into PDBADMIN.CHITIETKT (MASP,MAKT) values (82,1);
Insert into PDBADMIN.CHITIETKT (MASP,MAKT) values (82,2);
Insert into PDBADMIN.CHITIETKT (MASP,MAKT) values (82,3);
Insert into PDBADMIN.CHITIETKT (MASP,MAKT) values (83,1);
Insert into PDBADMIN.CHITIETKT (MASP,MAKT) values (83,2);
Insert into PDBADMIN.CHITIETKT (MASP,MAKT) values (83,3);
Insert into PDBADMIN.CHITIETKT (MASP,MAKT) values (84,1);
Insert into PDBADMIN.CHITIETKT (MASP,MAKT) values (84,2);
Insert into PDBADMIN.CHITIETKT (MASP,MAKT) values (85,1);
Insert into PDBADMIN.CHITIETKT (MASP,MAKT) values (85,2);
Insert into PDBADMIN.CHITIETKT (MASP,MAKT) values (86,1);
Insert into PDBADMIN.CHITIETKT (MASP,MAKT) values (86,2);
Insert into PDBADMIN.CHITIETKT (MASP,MAKT) values (87,1);
Insert into PDBADMIN.CHITIETKT (MASP,MAKT) values (87,2);
Insert into PDBADMIN.CHITIETKT (MASP,MAKT) values (87,3);
Insert into PDBADMIN.CHITIETKT (MASP,MAKT) values (88,1);
Insert into PDBADMIN.CHITIETKT (MASP,MAKT) values (88,2);
Insert into PDBADMIN.CHITIETKT (MASP,MAKT) values (89,1);
Insert into PDBADMIN.CHITIETKT (MASP,MAKT) values (89,2);
Insert into PDBADMIN.CHITIETKT (MASP,MAKT) values (90,1);
Insert into PDBADMIN.CHITIETKT (MASP,MAKT) values (90,2);
Insert into PDBADMIN.CHITIETKT (MASP,MAKT) values (91,1);
Insert into PDBADMIN.CHITIETKT (MASP,MAKT) values (91,2);
Insert into PDBADMIN.CHITIETKT (MASP,MAKT) values (92,1);
Insert into PDBADMIN.CHITIETKT (MASP,MAKT) values (92,2);
Insert into PDBADMIN.CHITIETKT (MASP,MAKT) values (92,3);
REM INSERTING into PDBADMIN.CHITIETMAU
SET DEFINE OFF;
Insert into PDBADMIN.CHITIETMAU (MASP,MAMAU) values (81,1);
Insert into PDBADMIN.CHITIETMAU (MASP,MAMAU) values (81,2);
Insert into PDBADMIN.CHITIETMAU (MASP,MAMAU) values (82,1);
Insert into PDBADMIN.CHITIETMAU (MASP,MAMAU) values (82,4);
Insert into PDBADMIN.CHITIETMAU (MASP,MAMAU) values (83,124);
Insert into PDBADMIN.CHITIETMAU (MASP,MAMAU) values (83,125);
Insert into PDBADMIN.CHITIETMAU (MASP,MAMAU) values (84,123);
Insert into PDBADMIN.CHITIETMAU (MASP,MAMAU) values (84,125);
Insert into PDBADMIN.CHITIETMAU (MASP,MAMAU) values (85,122);
Insert into PDBADMIN.CHITIETMAU (MASP,MAMAU) values (85,124);
Insert into PDBADMIN.CHITIETMAU (MASP,MAMAU) values (86,123);
Insert into PDBADMIN.CHITIETMAU (MASP,MAMAU) values (86,125);
Insert into PDBADMIN.CHITIETMAU (MASP,MAMAU) values (87,2);
Insert into PDBADMIN.CHITIETMAU (MASP,MAMAU) values (87,122);
Insert into PDBADMIN.CHITIETMAU (MASP,MAMAU) values (88,125);
Insert into PDBADMIN.CHITIETMAU (MASP,MAMAU) values (89,123);
Insert into PDBADMIN.CHITIETMAU (MASP,MAMAU) values (89,125);
Insert into PDBADMIN.CHITIETMAU (MASP,MAMAU) values (90,123);
Insert into PDBADMIN.CHITIETMAU (MASP,MAMAU) values (90,125);
Insert into PDBADMIN.CHITIETMAU (MASP,MAMAU) values (91,124);
Insert into PDBADMIN.CHITIETMAU (MASP,MAMAU) values (92,4);
Insert into PDBADMIN.CHITIETMAU (MASP,MAMAU) values (92,124);
REM INSERTING into PDBADMIN.CTHD
SET DEFINE OFF;
Insert into PDBADMIN.CTHD (MAHD,MASP,MAMAU,MAKT,SOLUONG,DONGIA) values (204,88,125,1,2,300000);
REM INSERTING into PDBADMIN.HOADON
SET DEFINE OFF;
Insert into PDBADMIN.HOADON (MAHD,MAKH,NGAYLAP,TONGTIEN,HOTEN,NOIGIAO,SDT,TRANGTHAI) values (204,122,'2021-10-9',600000,'Tr??ng Th? Ph??ng','thành ph? Vùng Tàu','097465342',0);
REM INSERTING into PDBADMIN.JSON_DOCUMENTS
SET DEFINE OFF;
Insert into PDBADMIN.JSON_DOCUMENTS (ID) values ('23BD6E7D6846420AB881DF9419F56F28');
REM INSERTING into PDBADMIN.JSON_DOCUMENTS_MV
SET DEFINE OFF;
Insert into PDBADMIN.JSON_DOCUMENTS_MV (ID,FIRSTNAME,LASTNAME,JOB,ACTIVE,EMAIL,PHONE) values ('23BD6E7D6846420AB881DF9419F56F28','John','Doe','Clerk','true','john.doe@example.com','44 123 123456');
REM INSERTING into PDBADMIN.KICHTHUOC
SET DEFINE OFF;
Insert into PDBADMIN.KICHTHUOC (MAKT,TENKT) values (1,'S');
Insert into PDBADMIN.KICHTHUOC (MAKT,TENKT) values (2,'M');
Insert into PDBADMIN.KICHTHUOC (MAKT,TENKT) values (3,'L');
REM INSERTING into PDBADMIN.LOAI
SET DEFINE OFF;
Insert into PDBADMIN.LOAI (MALOAI,TENLOAI) values (101,'Áo s? mi');
Insert into PDBADMIN.LOAI (MALOAI,TENLOAI) values (102,'Chân váy');
Insert into PDBADMIN.LOAI (MALOAI,TENLOAI) values (103,'??m');
Insert into PDBADMIN.LOAI (MALOAI,TENLOAI) values (104,'Áo thun');
Insert into PDBADMIN.LOAI (MALOAI,TENLOAI) values (105,'Jean');
Insert into PDBADMIN.LOAI (MALOAI,TENLOAI) values (106,'Qu?n ?ng r?ng');
Insert into PDBADMIN.LOAI (MALOAI,TENLOAI) values (61,'Jumsuit');
Insert into PDBADMIN.LOAI (MALOAI,TENLOAI) values (121,'Áo ki?u');
REM INSERTING into PDBADMIN.MAU
SET DEFINE OFF;
Insert into PDBADMIN.MAU (MAMAU,TENMAU) values (82,'xanh min');
Insert into PDBADMIN.MAU (MAMAU,TENMAU) values (101,'xanh min');
Insert into PDBADMIN.MAU (MAMAU,TENMAU) values (121,'Xanh min');
Insert into PDBADMIN.MAU (MAMAU,TENMAU) values (122,'H?ng pastel');
Insert into PDBADMIN.MAU (MAMAU,TENMAU) values (123,'Be');
Insert into PDBADMIN.MAU (MAMAU,TENMAU) values (124,'?en');
Insert into PDBADMIN.MAU (MAMAU,TENMAU) values (125,'Tr?ng');
Insert into PDBADMIN.MAU (MAMAU,TENMAU) values (21,'tim');
Insert into PDBADMIN.MAU (MAMAU,TENMAU) values (41,'tim');
Insert into PDBADMIN.MAU (MAMAU,TENMAU) values (61,'tim');
Insert into PDBADMIN.MAU (MAMAU,TENMAU) values (62,'tim');
Insert into PDBADMIN.MAU (MAMAU,TENMAU) values (81,'tim');
Insert into PDBADMIN.MAU (MAMAU,TENMAU) values (1,'Xanh');
Insert into PDBADMIN.MAU (MAMAU,TENMAU) values (2,'??');
Insert into PDBADMIN.MAU (MAMAU,TENMAU) values (3,'??');
Insert into PDBADMIN.MAU (MAMAU,TENMAU) values (4,'Nâu');
REM INSERTING into PDBADMIN.PHANQUYEN
SET DEFINE OFF;
Insert into PDBADMIN.PHANQUYEN (ROLE_ID,QUYEN) values (0,'User');
Insert into PDBADMIN.PHANQUYEN (ROLE_ID,QUYEN) values (1,'Admin');
REM INSERTING into PDBADMIN.SANPHAM
SET DEFINE OFF;
Insert into PDBADMIN.SANPHAM (MASP,TENSP,DONGIA,HINH,HINH_RONG,MALOAI,MOTA,NGAYLAP,TRANGTHAI) values (90,'Jumsuit không tay',450000,'img10.jpg','img10.jpg',61,' Jumsuit cá tính nh?ng không kém nét d?u dàng.',null,0);
Insert into PDBADMIN.SANPHAM (MASP,TENSP,DONGIA,HINH,HINH_RONG,MALOAI,MOTA,NGAYLAP,TRANGTHAI) values (82,'Sam Skirt',280000,'img2.jpg','img2.jpg',101,' M?u áo siêu ?áng yêu m?c ???c 3-4 ki?u mix cùng chân váy hoa nhí xinh x?n',null,0);
Insert into PDBADMIN.SANPHAM (MASP,TENSP,DONGIA,HINH,HINH_RONG,MALOAI,MOTA,NGAYLAP,TRANGTHAI) values (83,'Tennis skirt',25000,'img3.jpg','img3.jpg',102,'V?a nhá hàng trên Story ?ã n? inbox liên t?c  . Full set ??n gi?n nh?ng c?c kì xin x?n',null,0);
Insert into PDBADMIN.SANPHAM (MASP,TENSP,DONGIA,HINH,HINH_RONG,MALOAI,MOTA,NGAYLAP,TRANGTHAI) values (88,'White Ruffle Crop Top',300000,'img8.jpg','img8.jpg',121,' Áo hai dây có ph?i ren tr?ng ?ính ? hai dây và ng?c, dáng r?ng, ???c làm trên n?n v?i màu tr?ng thêu ??c l?. ',null,1);
Insert into PDBADMIN.SANPHAM (MASP,TENSP,DONGIA,HINH,HINH_RONG,MALOAI,MOTA,NGAYLAP,TRANGTHAI) values (91,'Oversized T-shirt',320000,'img11.jpg','img11.jpg',104,'   Áo thun tay ng?n c? tròn, dáng r?ng, in ch? n?i màu kem vàng, ???c làm b?ng v?i thun co giãn hai chi?u màu ?en',null,0);
Insert into PDBADMIN.SANPHAM (MASP,TENSP,DONGIA,HINH,HINH_RONG,MALOAI,MOTA,NGAYLAP,TRANGTHAI) values (85,'Váy ng?n dáng xòe',500000,'img5.jpg','img5.jpg',103,' Chi?c váy xinh x?n v?i thi?t k? ??c l? mang ??n nét tr? trung cho ng??i m?c.',null,0);
Insert into PDBADMIN.SANPHAM (MASP,TENSP,DONGIA,HINH,HINH_RONG,MALOAI,MOTA,NGAYLAP,TRANGTHAI) values (81,'Naly Shirt',320000,'img1.jpg','img1.jpg',101,' Thanh l?ch & trendy cùng combo ??? ?????? + ???? ????? + ???? ????',null,1);
Insert into PDBADMIN.SANPHAM (MASP,TENSP,DONGIA,HINH,HINH_RONG,MALOAI,MOTA,NGAYLAP,TRANGTHAI) values (84,'Anna Dress',350000,'img4.jpg','img4.jpg',103,'Sau m?u Polo Dress ???c ??c bi?t yêu thích và ?ng h? nhi?t tình t? các b?n, Mì ti?p n?i v?i chi?c ??m polo dáng dài mang tên Anna
V?i ch?t li?u dày d?n - co dãn t?t - ?? m?m r? tho?i mái cùng form dáng mang tính ?ng d?ng cao ch?c ch?n ?ây là chi?c ??m nên s? h?u trong t? ?? Thu Hè ?',null,1);
Insert into PDBADMIN.SANPHAM (MASP,TENSP,DONGIA,HINH,HINH_RONG,MALOAI,MOTA,NGAYLAP,TRANGTHAI) values (86,'Qu?n ?ng suông',400000,'img6.jpg','img6.jpg',106,' Qu?n dài ?ng suông r?ng màu tr?ng, có x?p li phía tr??c và l?ng thun co giãn phía sau, qu?n có hai túi ? phía tr??c và m?t túi ki?u phía sau.',null,0);
Insert into PDBADMIN.SANPHAM (MASP,TENSP,DONGIA,HINH,HINH_RONG,MALOAI,MOTA,NGAYLAP,TRANGTHAI) values (87,'Orange T-Shirt',320000,'img7.jpg','img7.jpg',104,' Áo thun tay ng?n c? tròn màu cam nh?t, dáng r?ng, có ?ính kèm ba m?nh len làm th? công tr??c ng?c.',null,0);
Insert into PDBADMIN.SANPHAM (MASP,TENSP,DONGIA,HINH,HINH_RONG,MALOAI,MOTA,NGAYLAP,TRANGTHAI) values (89,'Jumsuit c? V',450000,'img9.jpg','img9.jpg',61,'Jumsuit ???c thi?t k? dành riêng cho mùa hè v?i ch?t li?u h?a ti?t hoa xinh x?n.',null,0);
Insert into PDBADMIN.SANPHAM (MASP,TENSP,DONGIA,HINH,HINH_RONG,MALOAI,MOTA,NGAYLAP,TRANGTHAI) values (92,'Black jean',430000,'img12.jpg','img12.jpg',105,' Qu?n jean ???c thi?t k? ??c quy?n  mang l?i cái nhìn n?ng ??ng.',null,0);
REM INSERTING into PDBADMIN.TAIKHOAN
SET DEFINE OFF;
Insert into PDBADMIN.TAIKHOAN (MATK,TENCHUTK,SDT,EMAIL,DIACHI,NGAYSINH,TENDN,MATKHAU,ROLE_ID) values (41,'hhj',909090,'hgghg','hghgh','2021-06-17','phuong','phuong',0);
Insert into PDBADMIN.TAIKHOAN (MATK,TENCHUTK,SDT,EMAIL,DIACHI,NGAYSINH,TENDN,MATKHAU,ROLE_ID) values (183,'dfsd',453,'truongphuongvt1107@gmail.com','fdsd','2021-11-03','phuong','1',0);
Insert into PDBADMIN.TAIKHOAN (MATK,TENCHUTK,SDT,EMAIL,DIACHI,NGAYSINH,TENDN,MATKHAU,ROLE_ID) values (201,'Truong Thi Phuong',5653665466,'truongphuongvt1107@gmail.com','813/1G ???ng 30/4','2021-11-11','phuongvt','234',0);
Insert into PDBADMIN.TAIKHOAN (MATK,TENCHUTK,SDT,EMAIL,DIACHI,NGAYSINH,TENDN,MATKHAU,ROLE_ID) values (122,'retr',435345,'fdsdf','gsdgsdfg','2021-06-09','phuong1','phuong1',1);
--------------------------------------------------------
--  DDL for Index SYS_C008101
--------------------------------------------------------

  CREATE UNIQUE INDEX "PDBADMIN"."SYS_C008101" ON "PDBADMIN"."CHITIETKT" ("MASP", "MAKT") 
  PCTFREE 10 INITRANS 2 MAXTRANS 255 COMPUTE STATISTICS 
  STORAGE(INITIAL 65536 NEXT 1048576 MINEXTENTS 1 MAXEXTENTS 2147483645
  PCTINCREASE 0 FREELISTS 1 FREELIST GROUPS 1
  BUFFER_POOL DEFAULT FLASH_CACHE DEFAULT CELL_FLASH_CACHE DEFAULT)
  TABLESPACE "USERS" ;
--------------------------------------------------------
--  DDL for Index SYS_C008094
--------------------------------------------------------

  CREATE UNIQUE INDEX "PDBADMIN"."SYS_C008094" ON "PDBADMIN"."CHITIETMAU" ("MASP", "MAMAU") 
  PCTFREE 10 INITRANS 2 MAXTRANS 255 COMPUTE STATISTICS 
  STORAGE(INITIAL 65536 NEXT 1048576 MINEXTENTS 1 MAXEXTENTS 2147483645
  PCTINCREASE 0 FREELISTS 1 FREELIST GROUPS 1
  BUFFER_POOL DEFAULT FLASH_CACHE DEFAULT CELL_FLASH_CACHE DEFAULT)
  TABLESPACE "USERS" ;
--------------------------------------------------------
--  DDL for Index SYS_C008098
--------------------------------------------------------

  CREATE UNIQUE INDEX "PDBADMIN"."SYS_C008098" ON "PDBADMIN"."CTHD" ("MASP", "MAHD", "MAMAU", "MAKT") 
  PCTFREE 10 INITRANS 2 MAXTRANS 255 COMPUTE STATISTICS 
  STORAGE(INITIAL 65536 NEXT 1048576 MINEXTENTS 1 MAXEXTENTS 2147483645
  PCTINCREASE 0 FREELISTS 1 FREELIST GROUPS 1
  BUFFER_POOL DEFAULT FLASH_CACHE DEFAULT CELL_FLASH_CACHE DEFAULT)
  TABLESPACE "USERS" ;
--------------------------------------------------------
--  DDL for Index SYS_C007597
--------------------------------------------------------

  CREATE UNIQUE INDEX "PDBADMIN"."SYS_C007597" ON "PDBADMIN"."HOADON" ("MAHD") 
  PCTFREE 10 INITRANS 2 MAXTRANS 255 COMPUTE STATISTICS 
  STORAGE(INITIAL 65536 NEXT 1048576 MINEXTENTS 1 MAXEXTENTS 2147483645
  PCTINCREASE 0 FREELISTS 1 FREELIST GROUPS 1
  BUFFER_POOL DEFAULT FLASH_CACHE DEFAULT CELL_FLASH_CACHE DEFAULT)
  TABLESPACE "USERS" ;
--------------------------------------------------------
--  DDL for Index JSON_DOCUMENTS_PK
--------------------------------------------------------

  CREATE UNIQUE INDEX "PDBADMIN"."JSON_DOCUMENTS_PK" ON "PDBADMIN"."JSON_DOCUMENTS" ("ID") 
  PCTFREE 10 INITRANS 2 MAXTRANS 255 COMPUTE STATISTICS 
  STORAGE(INITIAL 65536 NEXT 1048576 MINEXTENTS 1 MAXEXTENTS 2147483645
  PCTINCREASE 0 FREELISTS 1 FREELIST GROUPS 1
  BUFFER_POOL DEFAULT FLASH_CACHE DEFAULT CELL_FLASH_CACHE DEFAULT)
  TABLESPACE "USERS" ;
--------------------------------------------------------
--  DDL for Index I_OS$_JSON_DOCUMENTS_MV
--------------------------------------------------------

  CREATE INDEX "PDBADMIN"."I_OS$_JSON_DOCUMENTS_MV" ON "PDBADMIN"."JSON_DOCUMENTS_MV" ("ID") 
  PCTFREE 10 INITRANS 2 MAXTRANS 255 COMPUTE STATISTICS 
  STORAGE(INITIAL 65536 NEXT 1048576 MINEXTENTS 1 MAXEXTENTS 2147483645
  PCTINCREASE 0 FREELISTS 1 FREELIST GROUPS 1
  BUFFER_POOL DEFAULT FLASH_CACHE DEFAULT CELL_FLASH_CACHE DEFAULT)
  TABLESPACE "USERS" ;
--------------------------------------------------------
--  DDL for Index SYS_C007603
--------------------------------------------------------

  CREATE UNIQUE INDEX "PDBADMIN"."SYS_C007603" ON "PDBADMIN"."KICHTHUOC" ("MAKT") 
  PCTFREE 10 INITRANS 2 MAXTRANS 255 COMPUTE STATISTICS 
  STORAGE(INITIAL 65536 NEXT 1048576 MINEXTENTS 1 MAXEXTENTS 2147483645
  PCTINCREASE 0 FREELISTS 1 FREELIST GROUPS 1
  BUFFER_POOL DEFAULT FLASH_CACHE DEFAULT CELL_FLASH_CACHE DEFAULT)
  TABLESPACE "USERS" ;
--------------------------------------------------------
--  DDL for Index SYS_C007584
--------------------------------------------------------

  CREATE UNIQUE INDEX "PDBADMIN"."SYS_C007584" ON "PDBADMIN"."LOAI" ("MALOAI") 
  PCTFREE 10 INITRANS 2 MAXTRANS 255 COMPUTE STATISTICS 
  STORAGE(INITIAL 65536 NEXT 1048576 MINEXTENTS 1 MAXEXTENTS 2147483645
  PCTINCREASE 0 FREELISTS 1 FREELIST GROUPS 1
  BUFFER_POOL DEFAULT FLASH_CACHE DEFAULT CELL_FLASH_CACHE DEFAULT)
  TABLESPACE "USERS" ;
--------------------------------------------------------
--  DDL for Index SYS_C007581
--------------------------------------------------------

  CREATE UNIQUE INDEX "PDBADMIN"."SYS_C007581" ON "PDBADMIN"."MAU" ("MAMAU") 
  PCTFREE 10 INITRANS 2 MAXTRANS 255 COMPUTE STATISTICS 
  STORAGE(INITIAL 65536 NEXT 1048576 MINEXTENTS 1 MAXEXTENTS 2147483645
  PCTINCREASE 0 FREELISTS 1 FREELIST GROUPS 1
  BUFFER_POOL DEFAULT FLASH_CACHE DEFAULT CELL_FLASH_CACHE DEFAULT)
  TABLESPACE "USERS" ;
--------------------------------------------------------
--  DDL for Index SYS_C007593
--------------------------------------------------------

  CREATE UNIQUE INDEX "PDBADMIN"."SYS_C007593" ON "PDBADMIN"."PHANQUYEN" ("ROLE_ID") 
  PCTFREE 10 INITRANS 2 MAXTRANS 255 COMPUTE STATISTICS 
  STORAGE(INITIAL 65536 NEXT 1048576 MINEXTENTS 1 MAXEXTENTS 2147483645
  PCTINCREASE 0 FREELISTS 1 FREELIST GROUPS 1
  BUFFER_POOL DEFAULT FLASH_CACHE DEFAULT CELL_FLASH_CACHE DEFAULT)
  TABLESPACE "USERS" ;
--------------------------------------------------------
--  DDL for Index SYS_C008091
--------------------------------------------------------

  CREATE UNIQUE INDEX "PDBADMIN"."SYS_C008091" ON "PDBADMIN"."SANPHAM" ("MASP") 
  PCTFREE 10 INITRANS 2 MAXTRANS 255 COMPUTE STATISTICS 
  STORAGE(INITIAL 65536 NEXT 1048576 MINEXTENTS 1 MAXEXTENTS 2147483645
  PCTINCREASE 0 FREELISTS 1 FREELIST GROUPS 1
  BUFFER_POOL DEFAULT FLASH_CACHE DEFAULT CELL_FLASH_CACHE DEFAULT)
  TABLESPACE "USERS" ;
--------------------------------------------------------
--  DDL for Index SYS_C007591
--------------------------------------------------------

  CREATE UNIQUE INDEX "PDBADMIN"."SYS_C007591" ON "PDBADMIN"."TAIKHOAN" ("MATK") 
  PCTFREE 10 INITRANS 2 MAXTRANS 255 COMPUTE STATISTICS 
  STORAGE(INITIAL 65536 NEXT 1048576 MINEXTENTS 1 MAXEXTENTS 2147483645
  PCTINCREASE 0 FREELISTS 1 FREELIST GROUPS 1
  BUFFER_POOL DEFAULT FLASH_CACHE DEFAULT CELL_FLASH_CACHE DEFAULT)
  TABLESPACE "USERS" ;
--------------------------------------------------------
--  Constraints for Table CHITIETKT
--------------------------------------------------------

  ALTER TABLE "PDBADMIN"."CHITIETKT" MODIFY ("MASP" NOT NULL ENABLE);
  ALTER TABLE "PDBADMIN"."CHITIETKT" MODIFY ("MAKT" NOT NULL ENABLE);
  ALTER TABLE "PDBADMIN"."CHITIETKT" ADD PRIMARY KEY ("MASP", "MAKT")
  USING INDEX PCTFREE 10 INITRANS 2 MAXTRANS 255 COMPUTE STATISTICS 
  STORAGE(INITIAL 65536 NEXT 1048576 MINEXTENTS 1 MAXEXTENTS 2147483645
  PCTINCREASE 0 FREELISTS 1 FREELIST GROUPS 1
  BUFFER_POOL DEFAULT FLASH_CACHE DEFAULT CELL_FLASH_CACHE DEFAULT)
  TABLESPACE "USERS"  ENABLE;
--------------------------------------------------------
--  Constraints for Table CHITIETMAU
--------------------------------------------------------

  ALTER TABLE "PDBADMIN"."CHITIETMAU" MODIFY ("MASP" NOT NULL ENABLE);
  ALTER TABLE "PDBADMIN"."CHITIETMAU" MODIFY ("MAMAU" NOT NULL ENABLE);
  ALTER TABLE "PDBADMIN"."CHITIETMAU" ADD PRIMARY KEY ("MASP", "MAMAU")
  USING INDEX PCTFREE 10 INITRANS 2 MAXTRANS 255 COMPUTE STATISTICS 
  STORAGE(INITIAL 65536 NEXT 1048576 MINEXTENTS 1 MAXEXTENTS 2147483645
  PCTINCREASE 0 FREELISTS 1 FREELIST GROUPS 1
  BUFFER_POOL DEFAULT FLASH_CACHE DEFAULT CELL_FLASH_CACHE DEFAULT)
  TABLESPACE "USERS"  ENABLE;
--------------------------------------------------------
--  Constraints for Table CTHD
--------------------------------------------------------

  ALTER TABLE "PDBADMIN"."CTHD" MODIFY ("MAHD" NOT NULL ENABLE);
  ALTER TABLE "PDBADMIN"."CTHD" MODIFY ("MASP" NOT NULL ENABLE);
  ALTER TABLE "PDBADMIN"."CTHD" MODIFY ("SOLUONG" NOT NULL ENABLE);
  ALTER TABLE "PDBADMIN"."CTHD" ADD PRIMARY KEY ("MASP", "MAHD", "MAMAU", "MAKT")
  USING INDEX PCTFREE 10 INITRANS 2 MAXTRANS 255 COMPUTE STATISTICS 
  STORAGE(INITIAL 65536 NEXT 1048576 MINEXTENTS 1 MAXEXTENTS 2147483645
  PCTINCREASE 0 FREELISTS 1 FREELIST GROUPS 1
  BUFFER_POOL DEFAULT FLASH_CACHE DEFAULT CELL_FLASH_CACHE DEFAULT)
  TABLESPACE "USERS"  ENABLE;
--------------------------------------------------------
--  Constraints for Table HOADON
--------------------------------------------------------

  ALTER TABLE "PDBADMIN"."HOADON" MODIFY ("MAHD" NOT NULL ENABLE);
  ALTER TABLE "PDBADMIN"."HOADON" MODIFY ("MAKH" NOT NULL ENABLE);
  ALTER TABLE "PDBADMIN"."HOADON" MODIFY ("TONGTIEN" NOT NULL ENABLE);
  ALTER TABLE "PDBADMIN"."HOADON" ADD PRIMARY KEY ("MAHD")
  USING INDEX PCTFREE 10 INITRANS 2 MAXTRANS 255 COMPUTE STATISTICS 
  STORAGE(INITIAL 65536 NEXT 1048576 MINEXTENTS 1 MAXEXTENTS 2147483645
  PCTINCREASE 0 FREELISTS 1 FREELIST GROUPS 1
  BUFFER_POOL DEFAULT FLASH_CACHE DEFAULT CELL_FLASH_CACHE DEFAULT)
  TABLESPACE "USERS"  ENABLE;
--------------------------------------------------------
--  Constraints for Table JSON_DOCUMENTS
--------------------------------------------------------

  ALTER TABLE "PDBADMIN"."JSON_DOCUMENTS" MODIFY ("ID" NOT NULL ENABLE);
  ALTER TABLE "PDBADMIN"."JSON_DOCUMENTS" ADD CONSTRAINT "JSON_DOCUMENTS_JSON_CHK" CHECK (data IS JSON) ENABLE;
  ALTER TABLE "PDBADMIN"."JSON_DOCUMENTS" ADD CONSTRAINT "JSON_DOCUMENTS_PK" PRIMARY KEY ("ID")
  USING INDEX PCTFREE 10 INITRANS 2 MAXTRANS 255 COMPUTE STATISTICS 
  STORAGE(INITIAL 65536 NEXT 1048576 MINEXTENTS 1 MAXEXTENTS 2147483645
  PCTINCREASE 0 FREELISTS 1 FREELIST GROUPS 1
  BUFFER_POOL DEFAULT FLASH_CACHE DEFAULT CELL_FLASH_CACHE DEFAULT)
  TABLESPACE "USERS"  ENABLE;
--------------------------------------------------------
--  Constraints for Table JSON_DOCUMENTS_MV
--------------------------------------------------------

  ALTER TABLE "PDBADMIN"."JSON_DOCUMENTS_MV" MODIFY ("ID" NOT NULL ENABLE);
--------------------------------------------------------
--  Constraints for Table KICHTHUOC
--------------------------------------------------------

  ALTER TABLE "PDBADMIN"."KICHTHUOC" MODIFY ("MAKT" NOT NULL ENABLE);
  ALTER TABLE "PDBADMIN"."KICHTHUOC" ADD PRIMARY KEY ("MAKT")
  USING INDEX PCTFREE 10 INITRANS 2 MAXTRANS 255 COMPUTE STATISTICS 
  STORAGE(INITIAL 65536 NEXT 1048576 MINEXTENTS 1 MAXEXTENTS 2147483645
  PCTINCREASE 0 FREELISTS 1 FREELIST GROUPS 1
  BUFFER_POOL DEFAULT FLASH_CACHE DEFAULT CELL_FLASH_CACHE DEFAULT)
  TABLESPACE "USERS"  ENABLE;
--------------------------------------------------------
--  Constraints for Table LOAI
--------------------------------------------------------

  ALTER TABLE "PDBADMIN"."LOAI" MODIFY ("MALOAI" NOT NULL ENABLE);
  ALTER TABLE "PDBADMIN"."LOAI" MODIFY ("TENLOAI" NOT NULL ENABLE);
  ALTER TABLE "PDBADMIN"."LOAI" ADD PRIMARY KEY ("MALOAI")
  USING INDEX PCTFREE 10 INITRANS 2 MAXTRANS 255 COMPUTE STATISTICS 
  STORAGE(INITIAL 65536 NEXT 1048576 MINEXTENTS 1 MAXEXTENTS 2147483645
  PCTINCREASE 0 FREELISTS 1 FREELIST GROUPS 1
  BUFFER_POOL DEFAULT FLASH_CACHE DEFAULT CELL_FLASH_CACHE DEFAULT)
  TABLESPACE "USERS"  ENABLE;
--------------------------------------------------------
--  Constraints for Table MAU
--------------------------------------------------------

  ALTER TABLE "PDBADMIN"."MAU" MODIFY ("MAMAU" NOT NULL ENABLE);
  ALTER TABLE "PDBADMIN"."MAU" MODIFY ("TENMAU" NOT NULL ENABLE);
  ALTER TABLE "PDBADMIN"."MAU" ADD PRIMARY KEY ("MAMAU")
  USING INDEX PCTFREE 10 INITRANS 2 MAXTRANS 255 COMPUTE STATISTICS 
  STORAGE(INITIAL 65536 NEXT 1048576 MINEXTENTS 1 MAXEXTENTS 2147483645
  PCTINCREASE 0 FREELISTS 1 FREELIST GROUPS 1
  BUFFER_POOL DEFAULT FLASH_CACHE DEFAULT CELL_FLASH_CACHE DEFAULT)
  TABLESPACE "USERS"  ENABLE;
--------------------------------------------------------
--  Constraints for Table PHANQUYEN
--------------------------------------------------------

  ALTER TABLE "PDBADMIN"."PHANQUYEN" MODIFY ("ROLE_ID" NOT NULL ENABLE);
  ALTER TABLE "PDBADMIN"."PHANQUYEN" ADD PRIMARY KEY ("ROLE_ID")
  USING INDEX PCTFREE 10 INITRANS 2 MAXTRANS 255 COMPUTE STATISTICS 
  STORAGE(INITIAL 65536 NEXT 1048576 MINEXTENTS 1 MAXEXTENTS 2147483645
  PCTINCREASE 0 FREELISTS 1 FREELIST GROUPS 1
  BUFFER_POOL DEFAULT FLASH_CACHE DEFAULT CELL_FLASH_CACHE DEFAULT)
  TABLESPACE "USERS"  ENABLE;
--------------------------------------------------------
--  Constraints for Table SANPHAM
--------------------------------------------------------

  ALTER TABLE "PDBADMIN"."SANPHAM" MODIFY ("MASP" NOT NULL ENABLE);
  ALTER TABLE "PDBADMIN"."SANPHAM" ADD PRIMARY KEY ("MASP")
  USING INDEX PCTFREE 10 INITRANS 2 MAXTRANS 255 COMPUTE STATISTICS 
  STORAGE(INITIAL 65536 NEXT 1048576 MINEXTENTS 1 MAXEXTENTS 2147483645
  PCTINCREASE 0 FREELISTS 1 FREELIST GROUPS 1
  BUFFER_POOL DEFAULT FLASH_CACHE DEFAULT CELL_FLASH_CACHE DEFAULT)
  TABLESPACE "USERS"  ENABLE;
--------------------------------------------------------
--  Constraints for Table TAIKHOAN
--------------------------------------------------------

  ALTER TABLE "PDBADMIN"."TAIKHOAN" MODIFY ("MATK" NOT NULL ENABLE);
  ALTER TABLE "PDBADMIN"."TAIKHOAN" MODIFY ("ROLE_ID" NOT NULL ENABLE);
  ALTER TABLE "PDBADMIN"."TAIKHOAN" ADD PRIMARY KEY ("MATK")
  USING INDEX PCTFREE 10 INITRANS 2 MAXTRANS 255 COMPUTE STATISTICS 
  STORAGE(INITIAL 65536 NEXT 1048576 MINEXTENTS 1 MAXEXTENTS 2147483645
  PCTINCREASE 0 FREELISTS 1 FREELIST GROUPS 1
  BUFFER_POOL DEFAULT FLASH_CACHE DEFAULT CELL_FLASH_CACHE DEFAULT)
  TABLESPACE "USERS"  ENABLE;
--------------------------------------------------------
--  Ref Constraints for Table CHITIETKT
--------------------------------------------------------

  ALTER TABLE "PDBADMIN"."CHITIETKT" ADD CONSTRAINT "FK_MAKT" FOREIGN KEY ("MAKT")
	  REFERENCES "PDBADMIN"."KICHTHUOC" ("MAKT") ENABLE;
  ALTER TABLE "PDBADMIN"."CHITIETKT" ADD CONSTRAINT "FK_SPK" FOREIGN KEY ("MASP")
	  REFERENCES "PDBADMIN"."SANPHAM" ("MASP") ENABLE;
--------------------------------------------------------
--  Ref Constraints for Table CHITIETMAU
--------------------------------------------------------

  ALTER TABLE "PDBADMIN"."CHITIETMAU" ADD CONSTRAINT "FK_MAMAU" FOREIGN KEY ("MAMAU")
	  REFERENCES "PDBADMIN"."MAU" ("MAMAU") ENABLE;
  ALTER TABLE "PDBADMIN"."CHITIETMAU" ADD CONSTRAINT "FK_SP" FOREIGN KEY ("MASP")
	  REFERENCES "PDBADMIN"."SANPHAM" ("MASP") ENABLE;
--------------------------------------------------------
--  Ref Constraints for Table CTHD
--------------------------------------------------------

  ALTER TABLE "PDBADMIN"."CTHD" ADD CONSTRAINT "FK_MAHD" FOREIGN KEY ("MAHD")
	  REFERENCES "PDBADMIN"."HOADON" ("MAHD") ENABLE;
  ALTER TABLE "PDBADMIN"."CTHD" ADD CONSTRAINT "FK_MASP" FOREIGN KEY ("MASP")
	  REFERENCES "PDBADMIN"."SANPHAM" ("MASP") ENABLE;
  ALTER TABLE "PDBADMIN"."CTHD" ADD CONSTRAINT "FK_MAMAUHD" FOREIGN KEY ("MAMAU")
	  REFERENCES "PDBADMIN"."MAU" ("MAMAU") ENABLE;
  ALTER TABLE "PDBADMIN"."CTHD" ADD CONSTRAINT "FK_MAKTHD" FOREIGN KEY ("MAKT")
	  REFERENCES "PDBADMIN"."KICHTHUOC" ("MAKT") ENABLE;
--------------------------------------------------------
--  Ref Constraints for Table HOADON
--------------------------------------------------------

  ALTER TABLE "PDBADMIN"."HOADON" ADD CONSTRAINT "FK_HD" FOREIGN KEY ("MAKH")
	  REFERENCES "PDBADMIN"."TAIKHOAN" ("MATK") ENABLE;
--------------------------------------------------------
--  Ref Constraints for Table SANPHAM
--------------------------------------------------------

  ALTER TABLE "PDBADMIN"."SANPHAM" ADD CONSTRAINT "FK_MALOAI" FOREIGN KEY ("MALOAI")
	  REFERENCES "PDBADMIN"."LOAI" ("MALOAI") ENABLE;
--------------------------------------------------------
--  Ref Constraints for Table TAIKHOAN
--------------------------------------------------------

  ALTER TABLE "PDBADMIN"."TAIKHOAN" ADD CONSTRAINT "FK_ROLE" FOREIGN KEY ("ROLE_ID")
	  REFERENCES "PDBADMIN"."PHANQUYEN" ("ROLE_ID") ENABLE;
