--------------------------------------------------------
--  File created - Thursday-July-01-2021   
--------------------------------------------------------
--------------------------------------------------------
--  DDL for Table CHITIETKT
--------------------------------------------------------

  CREATE TABLE "PDBADMIN"."CHITIETKT" 
   (	"MASP" NUMBER, 
	"MAKT" NUMBER
   ) SEGMENT CREATION IMMEDIATE 
  PCTFREE 10 PCTUSED 40 INITRANS 1 MAXTRANS 255 
 NOCOMPRESS LOGGING
  STORAGE(INITIAL 65536 NEXT 1048576 MINEXTENTS 1 MAXEXTENTS 2147483645
  PCTINCREASE 0 FREELISTS 1 FREELIST GROUPS 1
  BUFFER_POOL DEFAULT FLASH_CACHE DEFAULT CELL_FLASH_CACHE DEFAULT)
  TABLESPACE "USERS" ;
--------------------------------------------------------
--  DDL for Table CHITIETMAU
--------------------------------------------------------

  CREATE TABLE "PDBADMIN"."CHITIETMAU" 
   (	"MASP" NUMBER, 
	"MAMAU" NUMBER
   ) SEGMENT CREATION IMMEDIATE 
  PCTFREE 10 PCTUSED 40 INITRANS 1 MAXTRANS 255 
 NOCOMPRESS LOGGING
  STORAGE(INITIAL 65536 NEXT 1048576 MINEXTENTS 1 MAXEXTENTS 2147483645
  PCTINCREASE 0 FREELISTS 1 FREELIST GROUPS 1
  BUFFER_POOL DEFAULT FLASH_CACHE DEFAULT CELL_FLASH_CACHE DEFAULT)
  TABLESPACE "USERS" ;
--------------------------------------------------------
--  DDL for Table CTHD
--------------------------------------------------------

  CREATE TABLE "PDBADMIN"."CTHD" 
   (	"MAHD" NUMBER, 
	"MASP" NUMBER, 
	"MAMAU" NUMBER, 
	"MAKT" NUMBER, 
	"SOLUONG" NUMBER(*,0), 
	"DONGIA" NUMBER
   ) SEGMENT CREATION IMMEDIATE 
  PCTFREE 10 PCTUSED 40 INITRANS 1 MAXTRANS 255 
 NOCOMPRESS LOGGING
  STORAGE(INITIAL 65536 NEXT 1048576 MINEXTENTS 1 MAXEXTENTS 2147483645
  PCTINCREASE 0 FREELISTS 1 FREELIST GROUPS 1
  BUFFER_POOL DEFAULT FLASH_CACHE DEFAULT CELL_FLASH_CACHE DEFAULT)
  TABLESPACE "USERS" ;
--------------------------------------------------------
--  DDL for Table HOADON
--------------------------------------------------------

  CREATE TABLE "PDBADMIN"."HOADON" 
   (	"MAHD" NUMBER GENERATED BY DEFAULT ON NULL AS IDENTITY MINVALUE 1 MAXVALUE 9999999999999999999999999999 INCREMENT BY 1 START WITH 1 CACHE 20 NOORDER  NOCYCLE  NOKEEP  NOSCALE , 
	"MAKH" NUMBER, 
	"NGAYLAP" NVARCHAR2(20), 
	"TONGTIEN" NUMBER(*,0), 
	"HOTEN" NVARCHAR2(50), 
	"NOIGIAO" NVARCHAR2(50), 
	"SDT" VARCHAR2(11 BYTE), 
	"TRANGTHAI" NUMBER
   ) SEGMENT CREATION IMMEDIATE 
  PCTFREE 10 PCTUSED 40 INITRANS 1 MAXTRANS 255 
 NOCOMPRESS LOGGING
  STORAGE(INITIAL 65536 NEXT 1048576 MINEXTENTS 1 MAXEXTENTS 2147483645
  PCTINCREASE 0 FREELISTS 1 FREELIST GROUPS 1
  BUFFER_POOL DEFAULT FLASH_CACHE DEFAULT CELL_FLASH_CACHE DEFAULT)
  TABLESPACE "USERS" ;
--------------------------------------------------------
--  DDL for Table KICHTHUOC
--------------------------------------------------------

  CREATE TABLE "PDBADMIN"."KICHTHUOC" 
   (	"MAKT" NUMBER GENERATED BY DEFAULT ON NULL AS IDENTITY MINVALUE 1 MAXVALUE 9999999999999999999999999999 INCREMENT BY 1 START WITH 1 CACHE 20 NOORDER  NOCYCLE  NOKEEP  NOSCALE , 
	"TENKT" VARCHAR2(5 BYTE)
   ) SEGMENT CREATION IMMEDIATE 
  PCTFREE 10 PCTUSED 40 INITRANS 1 MAXTRANS 255 
 NOCOMPRESS LOGGING
  STORAGE(INITIAL 65536 NEXT 1048576 MINEXTENTS 1 MAXEXTENTS 2147483645
  PCTINCREASE 0 FREELISTS 1 FREELIST GROUPS 1
  BUFFER_POOL DEFAULT FLASH_CACHE DEFAULT CELL_FLASH_CACHE DEFAULT)
  TABLESPACE "USERS" ;
--------------------------------------------------------
--  DDL for Table LOAI
--------------------------------------------------------

  CREATE TABLE "PDBADMIN"."LOAI" 
   (	"MALOAI" NUMBER GENERATED BY DEFAULT ON NULL AS IDENTITY MINVALUE 1 MAXVALUE 9999999999999999999999999999 INCREMENT BY 1 START WITH 1 CACHE 20 NOORDER  NOCYCLE  NOKEEP  NOSCALE , 
	"TENLOAI" NVARCHAR2(50)
   ) SEGMENT CREATION IMMEDIATE 
  PCTFREE 10 PCTUSED 40 INITRANS 1 MAXTRANS 255 
 NOCOMPRESS LOGGING
  STORAGE(INITIAL 65536 NEXT 1048576 MINEXTENTS 1 MAXEXTENTS 2147483645
  PCTINCREASE 0 FREELISTS 1 FREELIST GROUPS 1
  BUFFER_POOL DEFAULT FLASH_CACHE DEFAULT CELL_FLASH_CACHE DEFAULT)
  TABLESPACE "USERS" ;
--------------------------------------------------------
--  DDL for Table MAU
--------------------------------------------------------

  CREATE TABLE "PDBADMIN"."MAU" 
   (	"MAMAU" NUMBER GENERATED BY DEFAULT ON NULL AS IDENTITY MINVALUE 1 MAXVALUE 9999999999999999999999999999 INCREMENT BY 1 START WITH 1 CACHE 20 NOORDER  NOCYCLE  NOKEEP  NOSCALE , 
	"TENMAU" NVARCHAR2(100)
   ) SEGMENT CREATION IMMEDIATE 
  PCTFREE 10 PCTUSED 40 INITRANS 1 MAXTRANS 255 
 NOCOMPRESS LOGGING
  STORAGE(INITIAL 65536 NEXT 1048576 MINEXTENTS 1 MAXEXTENTS 2147483645
  PCTINCREASE 0 FREELISTS 1 FREELIST GROUPS 1
  BUFFER_POOL DEFAULT FLASH_CACHE DEFAULT CELL_FLASH_CACHE DEFAULT)
  TABLESPACE "USERS" ;
--------------------------------------------------------
--  DDL for Table PHANQUYEN
--------------------------------------------------------

  CREATE TABLE "PDBADMIN"."PHANQUYEN" 
   (	"ROLE_ID" NUMBER, 
	"QUYEN" VARCHAR2(20 BYTE)
   ) SEGMENT CREATION IMMEDIATE 
  PCTFREE 10 PCTUSED 40 INITRANS 1 MAXTRANS 255 
 NOCOMPRESS LOGGING
  STORAGE(INITIAL 65536 NEXT 1048576 MINEXTENTS 1 MAXEXTENTS 2147483645
  PCTINCREASE 0 FREELISTS 1 FREELIST GROUPS 1
  BUFFER_POOL DEFAULT FLASH_CACHE DEFAULT CELL_FLASH_CACHE DEFAULT)
  TABLESPACE "USERS" ;
--------------------------------------------------------
--  DDL for Table SANPHAM
--------------------------------------------------------

  CREATE TABLE "PDBADMIN"."SANPHAM" 
   (	"MASP" NUMBER GENERATED BY DEFAULT ON NULL AS IDENTITY MINVALUE 1 MAXVALUE 9999999999999999999999999999 INCREMENT BY 1 START WITH 1 CACHE 20 NOORDER  NOCYCLE  NOKEEP  NOSCALE , 
	"TENSP" NVARCHAR2(50), 
	"DONGIA" NUMBER, 
	"HINH" NVARCHAR2(50), 
	"HINH_RONG" NVARCHAR2(50), 
	"MALOAI" NUMBER, 
	"MOTA" NVARCHAR2(500), 
	"NGAYLAP" NVARCHAR2(50), 
	"TRANGTHAI" NUMBER
   ) SEGMENT CREATION IMMEDIATE 
  PCTFREE 10 PCTUSED 40 INITRANS 1 MAXTRANS 255 
 NOCOMPRESS LOGGING
  STORAGE(INITIAL 65536 NEXT 1048576 MINEXTENTS 1 MAXEXTENTS 2147483645
  PCTINCREASE 0 FREELISTS 1 FREELIST GROUPS 1
  BUFFER_POOL DEFAULT FLASH_CACHE DEFAULT CELL_FLASH_CACHE DEFAULT)
  TABLESPACE "USERS" ;
--------------------------------------------------------
--  DDL for Table TAIKHOAN
--------------------------------------------------------

  CREATE TABLE "PDBADMIN"."TAIKHOAN" 
   (	"MATK" NUMBER GENERATED BY DEFAULT ON NULL AS IDENTITY MINVALUE 1 MAXVALUE 9999999999999999999999999999 INCREMENT BY 1 START WITH 1 CACHE 20 NOORDER  NOCYCLE  NOKEEP  NOSCALE , 
	"TENCHUTK" NVARCHAR2(50), 
	"SDT" NUMBER(*,0), 
	"EMAIL" VARCHAR2(50 BYTE), 
	"DIACHI" NVARCHAR2(50), 
	"NGAYSINH" NVARCHAR2(50), 
	"TENDN" NVARCHAR2(50), 
	"MATKHAU" NVARCHAR2(100), 
	"ROLE_ID" NUMBER
   ) SEGMENT CREATION IMMEDIATE 
  PCTFREE 10 PCTUSED 40 INITRANS 1 MAXTRANS 255 
 NOCOMPRESS LOGGING
  STORAGE(INITIAL 65536 NEXT 1048576 MINEXTENTS 1 MAXEXTENTS 2147483645
  PCTINCREASE 0 FREELISTS 1 FREELIST GROUPS 1
  BUFFER_POOL DEFAULT FLASH_CACHE DEFAULT CELL_FLASH_CACHE DEFAULT)
  TABLESPACE "USERS" ;
REM INSERTING into PDBADMIN.CHITIETKT
SET DEFINE OFF;
Insert into PDBADMIN.CHITIETKT (MASP,MAKT) values (2,2);
Insert into PDBADMIN.CHITIETKT (MASP,MAKT) values (2,21);
Insert into PDBADMIN.CHITIETKT (MASP,MAKT) values (21,2);
Insert into PDBADMIN.CHITIETKT (MASP,MAKT) values (21,21);
Insert into PDBADMIN.CHITIETKT (MASP,MAKT) values (22,2);
Insert into PDBADMIN.CHITIETKT (MASP,MAKT) values (22,21);
Insert into PDBADMIN.CHITIETKT (MASP,MAKT) values (23,1);
Insert into PDBADMIN.CHITIETKT (MASP,MAKT) values (23,2);
Insert into PDBADMIN.CHITIETKT (MASP,MAKT) values (23,21);
Insert into PDBADMIN.CHITIETKT (MASP,MAKT) values (24,2);
Insert into PDBADMIN.CHITIETKT (MASP,MAKT) values (25,2);
Insert into PDBADMIN.CHITIETKT (MASP,MAKT) values (25,21);
Insert into PDBADMIN.CHITIETKT (MASP,MAKT) values (26,2);
Insert into PDBADMIN.CHITIETKT (MASP,MAKT) values (27,2);
Insert into PDBADMIN.CHITIETKT (MASP,MAKT) values (27,21);
Insert into PDBADMIN.CHITIETKT (MASP,MAKT) values (28,21);
Insert into PDBADMIN.CHITIETKT (MASP,MAKT) values (29,2);
Insert into PDBADMIN.CHITIETKT (MASP,MAKT) values (29,21);
Insert into PDBADMIN.CHITIETKT (MASP,MAKT) values (30,1);
Insert into PDBADMIN.CHITIETKT (MASP,MAKT) values (30,21);
Insert into PDBADMIN.CHITIETKT (MASP,MAKT) values (31,2);
Insert into PDBADMIN.CHITIETKT (MASP,MAKT) values (31,21);
Insert into PDBADMIN.CHITIETKT (MASP,MAKT) values (32,1);
Insert into PDBADMIN.CHITIETKT (MASP,MAKT) values (33,2);
Insert into PDBADMIN.CHITIETKT (MASP,MAKT) values (34,1);
Insert into PDBADMIN.CHITIETKT (MASP,MAKT) values (35,2);
Insert into PDBADMIN.CHITIETKT (MASP,MAKT) values (36,2);
Insert into PDBADMIN.CHITIETKT (MASP,MAKT) values (37,1);
Insert into PDBADMIN.CHITIETKT (MASP,MAKT) values (37,2);
Insert into PDBADMIN.CHITIETKT (MASP,MAKT) values (37,21);
Insert into PDBADMIN.CHITIETKT (MASP,MAKT) values (38,2);
Insert into PDBADMIN.CHITIETKT (MASP,MAKT) values (38,21);
Insert into PDBADMIN.CHITIETKT (MASP,MAKT) values (39,21);
Insert into PDBADMIN.CHITIETKT (MASP,MAKT) values (40,2);
Insert into PDBADMIN.CHITIETKT (MASP,MAKT) values (40,21);
Insert into PDBADMIN.CHITIETKT (MASP,MAKT) values (64,2);
Insert into PDBADMIN.CHITIETKT (MASP,MAKT) values (65,21);
Insert into PDBADMIN.CHITIETKT (MASP,MAKT) values (66,1);
Insert into PDBADMIN.CHITIETKT (MASP,MAKT) values (67,21);
Insert into PDBADMIN.CHITIETKT (MASP,MAKT) values (68,1);
Insert into PDBADMIN.CHITIETKT (MASP,MAKT) values (69,1);
REM INSERTING into PDBADMIN.CHITIETMAU
SET DEFINE OFF;
Insert into PDBADMIN.CHITIETMAU (MASP,MAMAU) values (2,5);
Insert into PDBADMIN.CHITIETMAU (MASP,MAMAU) values (21,81);
Insert into PDBADMIN.CHITIETMAU (MASP,MAMAU) values (22,81);
Insert into PDBADMIN.CHITIETMAU (MASP,MAMAU) values (23,2);
Insert into PDBADMIN.CHITIETMAU (MASP,MAMAU) values (24,81);
Insert into PDBADMIN.CHITIETMAU (MASP,MAMAU) values (25,2);
Insert into PDBADMIN.CHITIETMAU (MASP,MAMAU) values (26,81);
Insert into PDBADMIN.CHITIETMAU (MASP,MAMAU) values (28,81);
Insert into PDBADMIN.CHITIETMAU (MASP,MAMAU) values (29,2);
Insert into PDBADMIN.CHITIETMAU (MASP,MAMAU) values (30,3);
Insert into PDBADMIN.CHITIETMAU (MASP,MAMAU) values (31,4);
Insert into PDBADMIN.CHITIETMAU (MASP,MAMAU) values (32,5);
Insert into PDBADMIN.CHITIETMAU (MASP,MAMAU) values (33,2);
Insert into PDBADMIN.CHITIETMAU (MASP,MAMAU) values (34,4);
Insert into PDBADMIN.CHITIETMAU (MASP,MAMAU) values (35,81);
Insert into PDBADMIN.CHITIETMAU (MASP,MAMAU) values (36,81);
Insert into PDBADMIN.CHITIETMAU (MASP,MAMAU) values (37,81);
Insert into PDBADMIN.CHITIETMAU (MASP,MAMAU) values (38,3);
Insert into PDBADMIN.CHITIETMAU (MASP,MAMAU) values (39,81);
Insert into PDBADMIN.CHITIETMAU (MASP,MAMAU) values (40,4);
Insert into PDBADMIN.CHITIETMAU (MASP,MAMAU) values (41,5);
Insert into PDBADMIN.CHITIETMAU (MASP,MAMAU) values (42,6);
Insert into PDBADMIN.CHITIETMAU (MASP,MAMAU) values (43,2);
Insert into PDBADMIN.CHITIETMAU (MASP,MAMAU) values (61,81);
Insert into PDBADMIN.CHITIETMAU (MASP,MAMAU) values (62,81);
Insert into PDBADMIN.CHITIETMAU (MASP,MAMAU) values (63,6);
Insert into PDBADMIN.CHITIETMAU (MASP,MAMAU) values (64,4);
Insert into PDBADMIN.CHITIETMAU (MASP,MAMAU) values (65,81);
Insert into PDBADMIN.CHITIETMAU (MASP,MAMAU) values (66,3);
Insert into PDBADMIN.CHITIETMAU (MASP,MAMAU) values (67,3);
Insert into PDBADMIN.CHITIETMAU (MASP,MAMAU) values (68,4);
Insert into PDBADMIN.CHITIETMAU (MASP,MAMAU) values (69,3);
REM INSERTING into PDBADMIN.CTHD
SET DEFINE OFF;
Insert into PDBADMIN.CTHD (MAHD,MASP,MAMAU,MAKT,SOLUONG,DONGIA) values (21,22,81,2,1,150000);
Insert into PDBADMIN.CTHD (MAHD,MASP,MAMAU,MAKT,SOLUONG,DONGIA) values (21,23,2,21,1,170000);
Insert into PDBADMIN.CTHD (MAHD,MASP,MAMAU,MAKT,SOLUONG,DONGIA) values (1,2,81,1,2,300000);
REM INSERTING into PDBADMIN.HOADON
SET DEFINE OFF;
Insert into PDBADMIN.HOADON (MAHD,MAKH,NGAYLAP,TONGTIEN,HOTEN,NOIGIAO,SDT,TRANGTHAI) values (21,73,'2021-6-1',320000,'truong thi thao nguyen','Q8 HCM','Q8 HCM',1);
Insert into PDBADMIN.HOADON (MAHD,MAKH,NGAYLAP,TONGTIEN,HOTEN,NOIGIAO,SDT,TRANGTHAI) values (1,2,'2019-09-09',400000,'truong thi phuong','fgdfg','87658467',1);
REM INSERTING into PDBADMIN.KICHTHUOC
SET DEFINE OFF;
Insert into PDBADMIN.KICHTHUOC (MAKT,TENKT) values (1,'L');
Insert into PDBADMIN.KICHTHUOC (MAKT,TENKT) values (2,'S');
Insert into PDBADMIN.KICHTHUOC (MAKT,TENKT) values (21,'M');
REM INSERTING into PDBADMIN.LOAI
SET DEFINE OFF;
Insert into PDBADMIN.LOAI (MALOAI,TENLOAI) values (21,'Chân váy');
Insert into PDBADMIN.LOAI (MALOAI,TENLOAI) values (22,'Áo Croptop');
Insert into PDBADMIN.LOAI (MALOAI,TENLOAI) values (23,'Áo Ki?u');
Insert into PDBADMIN.LOAI (MALOAI,TENLOAI) values (24,'??m');
Insert into PDBADMIN.LOAI (MALOAI,TENLOAI) values (25,'Qu?n');
Insert into PDBADMIN.LOAI (MALOAI,TENLOAI) values (26,'Ph? Ki?n');
Insert into PDBADMIN.LOAI (MALOAI,TENLOAI) values (1,'Jumsuit');
REM INSERTING into PDBADMIN.MAU
SET DEFINE OFF;
Insert into PDBADMIN.MAU (MAMAU,TENMAU) values (81,'?en');
Insert into PDBADMIN.MAU (MAMAU,TENMAU) values (2,'tr?ng');
Insert into PDBADMIN.MAU (MAMAU,TENMAU) values (3,'nude');
Insert into PDBADMIN.MAU (MAMAU,TENMAU) values (4,'xanh');
Insert into PDBADMIN.MAU (MAMAU,TENMAU) values (5,'vàng');
Insert into PDBADMIN.MAU (MAMAU,TENMAU) values (6,'??');
REM INSERTING into PDBADMIN.PHANQUYEN
SET DEFINE OFF;
Insert into PDBADMIN.PHANQUYEN (ROLE_ID,QUYEN) values (0,'Admin');
Insert into PDBADMIN.PHANQUYEN (ROLE_ID,QUYEN) values (1,'User');
REM INSERTING into PDBADMIN.SANPHAM
SET DEFINE OFF;
Insert into PDBADMIN.SANPHAM (MASP,TENSP,DONGIA,HINH,HINH_RONG,MALOAI,MOTA,NGAYLAP,TRANGTHAI) values (21,'Chân Váy Ch? A',200000,'download.jpg','download.jpg',21,'   <b>Ch?t li?u:</b> 100% Cotton. 
<b>??c tính:</b> Co giãn, có lót trong',null,1);
Insert into PDBADMIN.SANPHAM (MASP,TENSP,DONGIA,HINH,HINH_RONG,MALOAI,MOTA,NGAYLAP,TRANGTHAI) values (22,'Áo Croptop Th?t Eo',150000,'Ao1.jpg','Ao1.jpg',22,'     <b>Ch?t li?u:</b> 100% Cotton.
  <b>??c tính:</b> Thoáng mát, m?m m?n',null,1);
Insert into PDBADMIN.SANPHAM (MASP,TENSP,DONGIA,HINH,HINH_RONG,MALOAI,MOTA,NGAYLAP,TRANGTHAI) values (23,'Áo ki?u x?p bèo nhún',170000,'Ao2.jpg','Ao2.jpg',23,'   <b>Châ?t liê?u</b>: Kate
<b> ???c ti?nh:</b> M?ng nh?, mát. co giãn nh?.',null,1);
Insert into PDBADMIN.SANPHAM (MASP,TENSP,DONGIA,HINH,HINH_RONG,MALOAI,MOTA,NGAYLAP,TRANGTHAI) values (24,'Áo croptop hai dây bo thun',250000,'Ao3.jpg','Ao3.jpg',22,'   <b>Ch?t li?u:</b> Cotton pha
<b>??c tính:</b> Co giãn nh?, m?m nh?, thoáng mát',null,1);
Insert into PDBADMIN.SANPHAM (MASP,TENSP,DONGIA,HINH,HINH_RONG,MALOAI,MOTA,NGAYLAP,TRANGTHAI) values (25,'Áo s? mi c? vi?n trang trí',245000,'Ao4.jpg','Ao4.jpg',23,'  <b>Ch?t li?u:</b> Cotton pha
<b>??c tính:</b> Thoáng mát, th?m hút',null,1);
Insert into PDBADMIN.SANPHAM (MASP,TENSP,DONGIA,HINH,HINH_RONG,MALOAI,MOTA,NGAYLAP,TRANGTHAI) values (26,'Áo thun ng?n ki?u bu?c',220000,'Ao5.jpg','Ao5.jpg',22,'  <b>Ch?t li?u:</b> Thun gân
<b>??c tính:</b> Co giãn t?t, thoáng mát, ít nh?n',null,1);
Insert into PDBADMIN.SANPHAM (MASP,TENSP,DONGIA,HINH,HINH_RONG,MALOAI,MOTA,NGAYLAP,TRANGTHAI) values (27,'Chân váy dài dáng xòe',200000,'CV1.jpg','CV1.jpg',21,'  <b>Ch?t li?u:</b>??i
<b>??c tính:</b>  M?ng nh?, mát',null,1);
Insert into PDBADMIN.SANPHAM (MASP,TENSP,DONGIA,HINH,HINH_RONG,MALOAI,MOTA,NGAYLAP,TRANGTHAI) values (28,'Chân váy dài b?t ??i x?ng',300000,'CV2.jpg','CV2.jpg',21,'  <b>Ch?t li?u:</b>??i
<b>??c tính:</b>M?ng nh?, mát',null,1);
Insert into PDBADMIN.SANPHAM (MASP,TENSP,DONGIA,HINH,HINH_RONG,MALOAI,MOTA,NGAYLAP,TRANGTHAI) values (29,'Chân váy xòe x?p ly',300000,'CV3.jpg','CV3.jpg',21,'  <b>Ch?t li?u:</b>Kate
<b>??c tính:</b> Co giãn nh?, m?m, thoáng mát',null,1);
Insert into PDBADMIN.SANPHAM (MASP,TENSP,DONGIA,HINH,HINH_RONG,MALOAI,MOTA,NGAYLAP,TRANGTHAI) values (30,'Chân váy dài x?p ly xoè',350000,'CV4.jpg','CV4.jpg',21,' <b>Ch?t li?u:</b>Poplin
<b>??c tính:</b>Co giãn nh?, ??ng form',null,1);
Insert into PDBADMIN.SANPHAM (MASP,TENSP,DONGIA,HINH,HINH_RONG,MALOAI,MOTA,NGAYLAP,TRANGTHAI) values (31,'??m hai dây dài cài nút',300000,'Dam1.jpg','Dam1.jpg',24,'  <b>Ch?t li?u:</b>V?i voan gân
<b>??c tính:</b>M?m m?n, thoáng mát',null,1);
Insert into PDBADMIN.SANPHAM (MASP,TENSP,DONGIA,HINH,HINH_RONG,MALOAI,MOTA,NGAYLAP,TRANGTHAI) values (33,'??m ng?n chi?t pen',340000,'Dam3.jpg','Dam3.jpg',24,'  <b>Ch?t li?u:</b>Cotton pha
<b>??c tính:</b>Mê?m, nhe?, thoa?ng ma?t',null,1);
Insert into PDBADMIN.SANPHAM (MASP,TENSP,DONGIA,HINH,HINH_RONG,MALOAI,MOTA,NGAYLAP,TRANGTHAI) values (34,'??m s? mi dáng dài',350000,'Dam4.jpg','Dam4.jpg',24,'  <b>Ch?t li?u:</b>Cotton
<b>??c tính:</b> M?m, nh?, thoáng mát',null,1);
Insert into PDBADMIN.SANPHAM (MASP,TENSP,DONGIA,HINH,HINH_RONG,MALOAI,MOTA,NGAYLAP,TRANGTHAI) values (35,'??m thun dài x? tà',310000,'Dam5.jpg','Dam5.jpg',24,'  <b>Ch?t li?u:</b>Thun
<b>??c tính:</b>Co giãn nh?, ??ng form, ít nh?n',null,1);
Insert into PDBADMIN.SANPHAM (MASP,TENSP,DONGIA,HINH,HINH_RONG,MALOAI,MOTA,NGAYLAP,TRANGTHAI) values (36,'??m dài hai dây c? ??',400000,'Dam6.jpg','Dam6.jpg',24,'  <b>Ch?t li?u:</b>L?a nhân t?o
<b>??c tính:</b>M?m, r?, co giãn nh?',null,1);
Insert into PDBADMIN.SANPHAM (MASP,TENSP,DONGIA,HINH,HINH_RONG,MALOAI,MOTA,NGAYLAP,TRANGTHAI) values (37,'Qu?n tây ?ng ??ng',350000,'quan1.jpg','quan1.jpg',25,' <b>Ch?t li?u:</b>Kate
<b>??c tính:</b>Ít nh?n, thoáng mát',null,1);
Insert into PDBADMIN.SANPHAM (MASP,TENSP,DONGIA,HINH,HINH_RONG,MALOAI,MOTA,NGAYLAP,TRANGTHAI) values (38,'Qu?n dài ?ng ??ng',350000,'quan2.jpg','quan2.jpg',25,'  <b>Ch?t li?u:</b>Kaki
<b>??c tính:</b>Co giãn nh?, ??ng form',null,1);
Insert into PDBADMIN.SANPHAM (MASP,TENSP,DONGIA,HINH,HINH_RONG,MALOAI,MOTA,NGAYLAP,TRANGTHAI) values (39,'Qu?n dài d?p ly',400000,'quan3.jpg','quan3.jpg',25,'  <b>Ch?t li?u:</b>Thun l?nh
<b>??c tính:</b>Tho?i mái, co giãn',null,1);
Insert into PDBADMIN.SANPHAM (MASP,TENSP,DONGIA,HINH,HINH_RONG,MALOAI,MOTA,NGAYLAP,TRANGTHAI) values (40,'Qu?n jeans loe x? lai',450000,'quan4.jpg','quan4.jpg',25,' <b>Ch?t li?u:</b>Jean
<b>??c tính:</b>Co giãn, ??ng form',null,1);
Insert into PDBADMIN.SANPHAM (MASP,TENSP,DONGIA,HINH,HINH_RONG,MALOAI,MOTA,NGAYLAP,TRANGTHAI) values (42,'Nón tai bèo da',220000,'Phukiennon2.jpg','Phukiennon2.jpg',26,'   <b>Ch?t li?u:</b>Da',null,1);
Insert into PDBADMIN.SANPHAM (MASP,TENSP,DONGIA,HINH,HINH_RONG,MALOAI,MOTA,NGAYLAP,TRANGTHAI) values (43,'Nón lông nhân t?o',250000,'Phukiennon3.jpg','Phukiennon3.jpg',26,' <b>Ch?t li?u:</b>Lông nhân t?o',null,1);
Insert into PDBADMIN.SANPHAM (MASP,TENSP,DONGIA,HINH,HINH_RONG,MALOAI,MOTA,NGAYLAP,TRANGTHAI) values (61,'Kính Wayfarer G?ng Ph?i Metallic',400000,'Phukienkinh1.jpg','Phukienkinh1.jpg',26,'   <b>Ch?t li?u:</b>Kim lo?i',null,1);
Insert into PDBADMIN.SANPHAM (MASP,TENSP,DONGIA,HINH,HINH_RONG,MALOAI,MOTA,NGAYLAP,TRANGTHAI) values (62,'Kính Mát Dáng Aviator Phong Cách Hi?n ??i',300000,'Phukienkinh2.jpg','Phukienkinh2.jpg',26,'  <b>Ch?t li?u:</b>Kim lo?i',null,1);
Insert into PDBADMIN.SANPHAM (MASP,TENSP,DONGIA,HINH,HINH_RONG,MALOAI,MOTA,NGAYLAP,TRANGTHAI) values (63,'Kính M?t Hình Tròn Thanh L?ch',300000,'Phukienkinh3.jpg','Phukienkinh3.jpg',26,'  <b>Ch?t li?u:</b>Kim lo?i',null,1);
Insert into PDBADMIN.SANPHAM (MASP,TENSP,DONGIA,HINH,HINH_RONG,MALOAI,MOTA,NGAYLAP,TRANGTHAI) values (64,'Túi ?eo Chéo N?p G?p Nubuck Golden Pearl',550000,'Tui1.jpg','Tui1.jpg',26,'   <b>Ch?t li?u:</b> Da nhân t?o
<b>Kích th??c:</b> (dài x r?ng x cao): 21.5 x 3.9 x 14 cm',null,1);
Insert into PDBADMIN.SANPHAM (MASP,TENSP,DONGIA,HINH,HINH_RONG,MALOAI,MOTA,NGAYLAP,TRANGTHAI) values (65,'Túi Xách Tay N?p G?p The Pearl Shell',600000,'Tui2.jpg','Tui2.jpg',26,'  <b>Ch?t li?u:</b>Da nhân t?o 
<b>Kích th??c </b>(dài x r?ng x cao): 21.5 x 3.9 x 14 cm',null,1);
Insert into PDBADMIN.SANPHAM (MASP,TENSP,DONGIA,HINH,HINH_RONG,MALOAI,MOTA,NGAYLAP,TRANGTHAI) values (66,'Balo Ch?n Bông H?a Ti?t Qu? Trám',700000,'Tui3.jpg','Tui3.jpg',26,'    <b>Ch?t li?u:</b>Da nhân t?o
<b>Kích th??c:</b>(dài x r?ng x cao): 23.2 x 12.2 x 27 cm',null,1);
Insert into PDBADMIN.SANPHAM (MASP,TENSP,DONGIA,HINH,HINH_RONG,MALOAI,MOTA,NGAYLAP,TRANGTHAI) values (67,'Túi Vân Da Cá S?u Khóa Marble ?ính Kim Lo?i',700000,'Tui4.jpg','Tui4.jpg',21,'   <b>Ch?t li?u:</b>Da nhân t?o 
<b>Kích th??c:</b>(dài x r?ng x cao): 19.5 x 5.2 x 11 cm',null,1);
Insert into PDBADMIN.SANPHAM (MASP,TENSP,DONGIA,HINH,HINH_RONG,MALOAI,MOTA,NGAYLAP,TRANGTHAI) values (68,'Túi Xách Tay Quai Kim Lo?i Khóa G?t',750000,'Tui5.jpg','Tui5.jpg',26,'   <b>Ch?t li?u:</b>Da nhân t?o
<b>Kích th??c:</b>(dài x r?ng x cao): 19.5 x 5.2 x 10.3 cm',null,1);
Insert into PDBADMIN.SANPHAM (MASP,TENSP,DONGIA,HINH,HINH_RONG,MALOAI,MOTA,NGAYLAP,TRANGTHAI) values (69,'Balo N?p G?p Khóa Kéo Fairy Tail',800000,'Tui6.jpg','Tui6.jpg',21,'  <b>Ch?t li?u:</b>Da nhân t?o
<b>Kích th??c:</b>(dài x r?ng x cao): 23.3 x 12.7 x 24.2 cm',null,1);
Insert into PDBADMIN.SANPHAM (MASP,TENSP,DONGIA,HINH,HINH_RONG,MALOAI,MOTA,NGAYLAP,TRANGTHAI) values (2,'Jumsuit hai dây',150000,'jumsuit.jpg','jumsuit_zoom.jpg',1,' <b>Ch?t li?u:</b> 80% cotton 20% polyester
<b>??c tính:</b>  M?ng nh?, tho?i mái',null,null);
Insert into PDBADMIN.SANPHAM (MASP,TENSP,DONGIA,HINH,HINH_RONG,MALOAI,MOTA,NGAYLAP,TRANGTHAI) values (32,'??m dài ch?y trang trí',345000,'Dam2.jpg','Dam2.jpg',24,'  <b>Ch?t li?u:</b>T? nhân t?o
<b>??c tính:</b>M?m nh?, m?ng, mát, r?',null,1);
Insert into PDBADMIN.SANPHAM (MASP,TENSP,DONGIA,HINH,HINH_RONG,MALOAI,MOTA,NGAYLAP,TRANGTHAI) values (41,'Nón tai bèo nhung',200000,'Phukiennon1.jpg','Phukiennon1.jpg',26,'    <b>Ch?t li?u:</b>Kaki',null,1);
REM INSERTING into PDBADMIN.TAIKHOAN
SET DEFINE OFF;
Insert into PDBADMIN.TAIKHOAN (MATK,TENCHUTK,SDT,EMAIL,DIACHI,NGAYSINH,TENDN,MATKHAU,ROLE_ID) values (21,'Nguyên',256534653,'nt4610634@gmail.com','Q8 TP.HCM','2000-09-11','nguyen','nguyeen',0);
Insert into PDBADMIN.TAIKHOAN (MATK,TENCHUTK,SDT,EMAIL,DIACHI,NGAYSINH,TENDN,MATKHAU,ROLE_ID) values (72,'Ph??ng',148876557,'truongphuongvt@gmail.com','Q1 TP.HCM','2000-07-17','phuong','phuong',1);
Insert into PDBADMIN.TAIKHOAN (MATK,TENCHUTK,SDT,EMAIL,DIACHI,NGAYSINH,TENDN,MATKHAU,ROLE_ID) values (73,'truong thi thao nguyen',923138090,'nt4610634@gmail.com','HCM','2000-11-09','nguyen','123456',0);
Insert into PDBADMIN.TAIKHOAN (MATK,TENCHUTK,SDT,EMAIL,DIACHI,NGAYSINH,TENDN,MATKHAU,ROLE_ID) values (1,'Ngân',924909090,'hieungannguyenvo@gmail.com','Q10 TP.HCM','2000-01-20','phuongvt','phuongvt',0);
--------------------------------------------------------
--  DDL for Index SYS_C007747
--------------------------------------------------------

  CREATE UNIQUE INDEX "PDBADMIN"."SYS_C007747" ON "PDBADMIN"."SANPHAM" ("MASP") 
  PCTFREE 10 INITRANS 2 MAXTRANS 255 COMPUTE STATISTICS 
  STORAGE(INITIAL 65536 NEXT 1048576 MINEXTENTS 1 MAXEXTENTS 2147483645
  PCTINCREASE 0 FREELISTS 1 FREELIST GROUPS 1
  BUFFER_POOL DEFAULT FLASH_CACHE DEFAULT CELL_FLASH_CACHE DEFAULT)
  TABLESPACE "USERS" ;
--------------------------------------------------------
--  DDL for Index SYS_C007750
--------------------------------------------------------

  CREATE UNIQUE INDEX "PDBADMIN"."SYS_C007750" ON "PDBADMIN"."CHITIETMAU" ("MASP", "MAMAU") 
  PCTFREE 10 INITRANS 2 MAXTRANS 255 COMPUTE STATISTICS 
  STORAGE(INITIAL 65536 NEXT 1048576 MINEXTENTS 1 MAXEXTENTS 2147483645
  PCTINCREASE 0 FREELISTS 1 FREELIST GROUPS 1
  BUFFER_POOL DEFAULT FLASH_CACHE DEFAULT CELL_FLASH_CACHE DEFAULT)
  TABLESPACE "USERS" ;
--------------------------------------------------------
--  DDL for Index SYS_C007753
--------------------------------------------------------

  CREATE UNIQUE INDEX "PDBADMIN"."SYS_C007753" ON "PDBADMIN"."MAU" ("MAMAU") 
  PCTFREE 10 INITRANS 2 MAXTRANS 255 COMPUTE STATISTICS 
  STORAGE(INITIAL 65536 NEXT 1048576 MINEXTENTS 1 MAXEXTENTS 2147483645
  PCTINCREASE 0 FREELISTS 1 FREELIST GROUPS 1
  BUFFER_POOL DEFAULT FLASH_CACHE DEFAULT CELL_FLASH_CACHE DEFAULT)
  TABLESPACE "USERS" ;
--------------------------------------------------------
--  DDL for Index SYS_C007756
--------------------------------------------------------

  CREATE UNIQUE INDEX "PDBADMIN"."SYS_C007756" ON "PDBADMIN"."LOAI" ("MALOAI") 
  PCTFREE 10 INITRANS 2 MAXTRANS 255 COMPUTE STATISTICS 
  STORAGE(INITIAL 65536 NEXT 1048576 MINEXTENTS 1 MAXEXTENTS 2147483645
  PCTINCREASE 0 FREELISTS 1 FREELIST GROUPS 1
  BUFFER_POOL DEFAULT FLASH_CACHE DEFAULT CELL_FLASH_CACHE DEFAULT)
  TABLESPACE "USERS" ;
--------------------------------------------------------
--  DDL for Index SYS_C007759
--------------------------------------------------------

  CREATE UNIQUE INDEX "PDBADMIN"."SYS_C007759" ON "PDBADMIN"."TAIKHOAN" ("MATK") 
  PCTFREE 10 INITRANS 2 MAXTRANS 255 COMPUTE STATISTICS 
  STORAGE(INITIAL 65536 NEXT 1048576 MINEXTENTS 1 MAXEXTENTS 2147483645
  PCTINCREASE 0 FREELISTS 1 FREELIST GROUPS 1
  BUFFER_POOL DEFAULT FLASH_CACHE DEFAULT CELL_FLASH_CACHE DEFAULT)
  TABLESPACE "USERS" ;
--------------------------------------------------------
--  DDL for Index SYS_C007761
--------------------------------------------------------

  CREATE UNIQUE INDEX "PDBADMIN"."SYS_C007761" ON "PDBADMIN"."PHANQUYEN" ("ROLE_ID") 
  PCTFREE 10 INITRANS 2 MAXTRANS 255 COMPUTE STATISTICS 
  STORAGE(INITIAL 65536 NEXT 1048576 MINEXTENTS 1 MAXEXTENTS 2147483645
  PCTINCREASE 0 FREELISTS 1 FREELIST GROUPS 1
  BUFFER_POOL DEFAULT FLASH_CACHE DEFAULT CELL_FLASH_CACHE DEFAULT)
  TABLESPACE "USERS" ;
--------------------------------------------------------
--  DDL for Index SYS_C007765
--------------------------------------------------------

  CREATE UNIQUE INDEX "PDBADMIN"."SYS_C007765" ON "PDBADMIN"."HOADON" ("MAHD") 
  PCTFREE 10 INITRANS 2 MAXTRANS 255 COMPUTE STATISTICS 
  STORAGE(INITIAL 65536 NEXT 1048576 MINEXTENTS 1 MAXEXTENTS 2147483645
  PCTINCREASE 0 FREELISTS 1 FREELIST GROUPS 1
  BUFFER_POOL DEFAULT FLASH_CACHE DEFAULT CELL_FLASH_CACHE DEFAULT)
  TABLESPACE "USERS" ;
--------------------------------------------------------
--  DDL for Index SYS_C007769
--------------------------------------------------------

  CREATE UNIQUE INDEX "PDBADMIN"."SYS_C007769" ON "PDBADMIN"."CTHD" ("MASP", "MAHD", "MAMAU", "MAKT") 
  PCTFREE 10 INITRANS 2 MAXTRANS 255 COMPUTE STATISTICS 
  STORAGE(INITIAL 65536 NEXT 1048576 MINEXTENTS 1 MAXEXTENTS 2147483645
  PCTINCREASE 0 FREELISTS 1 FREELIST GROUPS 1
  BUFFER_POOL DEFAULT FLASH_CACHE DEFAULT CELL_FLASH_CACHE DEFAULT)
  TABLESPACE "USERS" ;
--------------------------------------------------------
--  DDL for Index SYS_C007771
--------------------------------------------------------

  CREATE UNIQUE INDEX "PDBADMIN"."SYS_C007771" ON "PDBADMIN"."KICHTHUOC" ("MAKT") 
  PCTFREE 10 INITRANS 2 MAXTRANS 255 COMPUTE STATISTICS 
  STORAGE(INITIAL 65536 NEXT 1048576 MINEXTENTS 1 MAXEXTENTS 2147483645
  PCTINCREASE 0 FREELISTS 1 FREELIST GROUPS 1
  BUFFER_POOL DEFAULT FLASH_CACHE DEFAULT CELL_FLASH_CACHE DEFAULT)
  TABLESPACE "USERS" ;
--------------------------------------------------------
--  DDL for Index SYS_C007774
--------------------------------------------------------

  CREATE UNIQUE INDEX "PDBADMIN"."SYS_C007774" ON "PDBADMIN"."CHITIETKT" ("MASP", "MAKT") 
  PCTFREE 10 INITRANS 2 MAXTRANS 255 COMPUTE STATISTICS 
  STORAGE(INITIAL 65536 NEXT 1048576 MINEXTENTS 1 MAXEXTENTS 2147483645
  PCTINCREASE 0 FREELISTS 1 FREELIST GROUPS 1
  BUFFER_POOL DEFAULT FLASH_CACHE DEFAULT CELL_FLASH_CACHE DEFAULT)
  TABLESPACE "USERS" ;
--------------------------------------------------------
--  DDL for Index SYS_C007774
--------------------------------------------------------

  CREATE UNIQUE INDEX "PDBADMIN"."SYS_C007774" ON "PDBADMIN"."CHITIETKT" ("MASP", "MAKT") 
  PCTFREE 10 INITRANS 2 MAXTRANS 255 COMPUTE STATISTICS 
  STORAGE(INITIAL 65536 NEXT 1048576 MINEXTENTS 1 MAXEXTENTS 2147483645
  PCTINCREASE 0 FREELISTS 1 FREELIST GROUPS 1
  BUFFER_POOL DEFAULT FLASH_CACHE DEFAULT CELL_FLASH_CACHE DEFAULT)
  TABLESPACE "USERS" ;
--------------------------------------------------------
--  DDL for Index SYS_C007750
--------------------------------------------------------

  CREATE UNIQUE INDEX "PDBADMIN"."SYS_C007750" ON "PDBADMIN"."CHITIETMAU" ("MASP", "MAMAU") 
  PCTFREE 10 INITRANS 2 MAXTRANS 255 COMPUTE STATISTICS 
  STORAGE(INITIAL 65536 NEXT 1048576 MINEXTENTS 1 MAXEXTENTS 2147483645
  PCTINCREASE 0 FREELISTS 1 FREELIST GROUPS 1
  BUFFER_POOL DEFAULT FLASH_CACHE DEFAULT CELL_FLASH_CACHE DEFAULT)
  TABLESPACE "USERS" ;
--------------------------------------------------------
--  DDL for Index SYS_C007769
--------------------------------------------------------

  CREATE UNIQUE INDEX "PDBADMIN"."SYS_C007769" ON "PDBADMIN"."CTHD" ("MASP", "MAHD", "MAMAU", "MAKT") 
  PCTFREE 10 INITRANS 2 MAXTRANS 255 COMPUTE STATISTICS 
  STORAGE(INITIAL 65536 NEXT 1048576 MINEXTENTS 1 MAXEXTENTS 2147483645
  PCTINCREASE 0 FREELISTS 1 FREELIST GROUPS 1
  BUFFER_POOL DEFAULT FLASH_CACHE DEFAULT CELL_FLASH_CACHE DEFAULT)
  TABLESPACE "USERS" ;
--------------------------------------------------------
--  DDL for Index SYS_C007765
--------------------------------------------------------

  CREATE UNIQUE INDEX "PDBADMIN"."SYS_C007765" ON "PDBADMIN"."HOADON" ("MAHD") 
  PCTFREE 10 INITRANS 2 MAXTRANS 255 COMPUTE STATISTICS 
  STORAGE(INITIAL 65536 NEXT 1048576 MINEXTENTS 1 MAXEXTENTS 2147483645
  PCTINCREASE 0 FREELISTS 1 FREELIST GROUPS 1
  BUFFER_POOL DEFAULT FLASH_CACHE DEFAULT CELL_FLASH_CACHE DEFAULT)
  TABLESPACE "USERS" ;
--------------------------------------------------------
--  DDL for Index SYS_C007771
--------------------------------------------------------

  CREATE UNIQUE INDEX "PDBADMIN"."SYS_C007771" ON "PDBADMIN"."KICHTHUOC" ("MAKT") 
  PCTFREE 10 INITRANS 2 MAXTRANS 255 COMPUTE STATISTICS 
  STORAGE(INITIAL 65536 NEXT 1048576 MINEXTENTS 1 MAXEXTENTS 2147483645
  PCTINCREASE 0 FREELISTS 1 FREELIST GROUPS 1
  BUFFER_POOL DEFAULT FLASH_CACHE DEFAULT CELL_FLASH_CACHE DEFAULT)
  TABLESPACE "USERS" ;
--------------------------------------------------------
--  DDL for Index SYS_C007756
--------------------------------------------------------

  CREATE UNIQUE INDEX "PDBADMIN"."SYS_C007756" ON "PDBADMIN"."LOAI" ("MALOAI") 
  PCTFREE 10 INITRANS 2 MAXTRANS 255 COMPUTE STATISTICS 
  STORAGE(INITIAL 65536 NEXT 1048576 MINEXTENTS 1 MAXEXTENTS 2147483645
  PCTINCREASE 0 FREELISTS 1 FREELIST GROUPS 1
  BUFFER_POOL DEFAULT FLASH_CACHE DEFAULT CELL_FLASH_CACHE DEFAULT)
  TABLESPACE "USERS" ;
--------------------------------------------------------
--  DDL for Index SYS_C007753
--------------------------------------------------------

  CREATE UNIQUE INDEX "PDBADMIN"."SYS_C007753" ON "PDBADMIN"."MAU" ("MAMAU") 
  PCTFREE 10 INITRANS 2 MAXTRANS 255 COMPUTE STATISTICS 
  STORAGE(INITIAL 65536 NEXT 1048576 MINEXTENTS 1 MAXEXTENTS 2147483645
  PCTINCREASE 0 FREELISTS 1 FREELIST GROUPS 1
  BUFFER_POOL DEFAULT FLASH_CACHE DEFAULT CELL_FLASH_CACHE DEFAULT)
  TABLESPACE "USERS" ;
--------------------------------------------------------
--  DDL for Index SYS_C007761
--------------------------------------------------------

  CREATE UNIQUE INDEX "PDBADMIN"."SYS_C007761" ON "PDBADMIN"."PHANQUYEN" ("ROLE_ID") 
  PCTFREE 10 INITRANS 2 MAXTRANS 255 COMPUTE STATISTICS 
  STORAGE(INITIAL 65536 NEXT 1048576 MINEXTENTS 1 MAXEXTENTS 2147483645
  PCTINCREASE 0 FREELISTS 1 FREELIST GROUPS 1
  BUFFER_POOL DEFAULT FLASH_CACHE DEFAULT CELL_FLASH_CACHE DEFAULT)
  TABLESPACE "USERS" ;
--------------------------------------------------------
--  DDL for Index SYS_C007747
--------------------------------------------------------

  CREATE UNIQUE INDEX "PDBADMIN"."SYS_C007747" ON "PDBADMIN"."SANPHAM" ("MASP") 
  PCTFREE 10 INITRANS 2 MAXTRANS 255 COMPUTE STATISTICS 
  STORAGE(INITIAL 65536 NEXT 1048576 MINEXTENTS 1 MAXEXTENTS 2147483645
  PCTINCREASE 0 FREELISTS 1 FREELIST GROUPS 1
  BUFFER_POOL DEFAULT FLASH_CACHE DEFAULT CELL_FLASH_CACHE DEFAULT)
  TABLESPACE "USERS" ;
--------------------------------------------------------
--  DDL for Index SYS_C007759
--------------------------------------------------------

  CREATE UNIQUE INDEX "PDBADMIN"."SYS_C007759" ON "PDBADMIN"."TAIKHOAN" ("MATK") 
  PCTFREE 10 INITRANS 2 MAXTRANS 255 COMPUTE STATISTICS 
  STORAGE(INITIAL 65536 NEXT 1048576 MINEXTENTS 1 MAXEXTENTS 2147483645
  PCTINCREASE 0 FREELISTS 1 FREELIST GROUPS 1
  BUFFER_POOL DEFAULT FLASH_CACHE DEFAULT CELL_FLASH_CACHE DEFAULT)
  TABLESPACE "USERS" ;
--------------------------------------------------------
--  Constraints for Table CHITIETKT
--------------------------------------------------------

  ALTER TABLE "PDBADMIN"."CHITIETKT" MODIFY ("MASP" NOT NULL ENABLE);
  ALTER TABLE "PDBADMIN"."CHITIETKT" MODIFY ("MAKT" NOT NULL ENABLE);
  ALTER TABLE "PDBADMIN"."CHITIETKT" ADD PRIMARY KEY ("MASP", "MAKT")
  USING INDEX PCTFREE 10 INITRANS 2 MAXTRANS 255 COMPUTE STATISTICS 
  STORAGE(INITIAL 65536 NEXT 1048576 MINEXTENTS 1 MAXEXTENTS 2147483645
  PCTINCREASE 0 FREELISTS 1 FREELIST GROUPS 1
  BUFFER_POOL DEFAULT FLASH_CACHE DEFAULT CELL_FLASH_CACHE DEFAULT)
  TABLESPACE "USERS"  ENABLE;
--------------------------------------------------------
--  Constraints for Table CHITIETMAU
--------------------------------------------------------

  ALTER TABLE "PDBADMIN"."CHITIETMAU" MODIFY ("MASP" NOT NULL ENABLE);
  ALTER TABLE "PDBADMIN"."CHITIETMAU" MODIFY ("MAMAU" NOT NULL ENABLE);
  ALTER TABLE "PDBADMIN"."CHITIETMAU" ADD PRIMARY KEY ("MASP", "MAMAU")
  USING INDEX PCTFREE 10 INITRANS 2 MAXTRANS 255 COMPUTE STATISTICS 
  STORAGE(INITIAL 65536 NEXT 1048576 MINEXTENTS 1 MAXEXTENTS 2147483645
  PCTINCREASE 0 FREELISTS 1 FREELIST GROUPS 1
  BUFFER_POOL DEFAULT FLASH_CACHE DEFAULT CELL_FLASH_CACHE DEFAULT)
  TABLESPACE "USERS"  ENABLE;
--------------------------------------------------------
--  Constraints for Table CTHD
--------------------------------------------------------

  ALTER TABLE "PDBADMIN"."CTHD" MODIFY ("MAHD" NOT NULL ENABLE);
  ALTER TABLE "PDBADMIN"."CTHD" MODIFY ("MASP" NOT NULL ENABLE);
  ALTER TABLE "PDBADMIN"."CTHD" MODIFY ("SOLUONG" NOT NULL ENABLE);
  ALTER TABLE "PDBADMIN"."CTHD" ADD PRIMARY KEY ("MASP", "MAHD", "MAMAU", "MAKT")
  USING INDEX PCTFREE 10 INITRANS 2 MAXTRANS 255 COMPUTE STATISTICS 
  STORAGE(INITIAL 65536 NEXT 1048576 MINEXTENTS 1 MAXEXTENTS 2147483645
  PCTINCREASE 0 FREELISTS 1 FREELIST GROUPS 1
  BUFFER_POOL DEFAULT FLASH_CACHE DEFAULT CELL_FLASH_CACHE DEFAULT)
  TABLESPACE "USERS"  ENABLE;
--------------------------------------------------------
--  Constraints for Table HOADON
--------------------------------------------------------

  ALTER TABLE "PDBADMIN"."HOADON" MODIFY ("MAHD" NOT NULL ENABLE);
  ALTER TABLE "PDBADMIN"."HOADON" MODIFY ("MAKH" NOT NULL ENABLE);
  ALTER TABLE "PDBADMIN"."HOADON" MODIFY ("TONGTIEN" NOT NULL ENABLE);
  ALTER TABLE "PDBADMIN"."HOADON" ADD PRIMARY KEY ("MAHD")
  USING INDEX PCTFREE 10 INITRANS 2 MAXTRANS 255 COMPUTE STATISTICS 
  STORAGE(INITIAL 65536 NEXT 1048576 MINEXTENTS 1 MAXEXTENTS 2147483645
  PCTINCREASE 0 FREELISTS 1 FREELIST GROUPS 1
  BUFFER_POOL DEFAULT FLASH_CACHE DEFAULT CELL_FLASH_CACHE DEFAULT)
  TABLESPACE "USERS"  ENABLE;
--------------------------------------------------------
--  Constraints for Table KICHTHUOC
--------------------------------------------------------

  ALTER TABLE "PDBADMIN"."KICHTHUOC" MODIFY ("MAKT" NOT NULL ENABLE);
  ALTER TABLE "PDBADMIN"."KICHTHUOC" ADD PRIMARY KEY ("MAKT")
  USING INDEX PCTFREE 10 INITRANS 2 MAXTRANS 255 COMPUTE STATISTICS 
  STORAGE(INITIAL 65536 NEXT 1048576 MINEXTENTS 1 MAXEXTENTS 2147483645
  PCTINCREASE 0 FREELISTS 1 FREELIST GROUPS 1
  BUFFER_POOL DEFAULT FLASH_CACHE DEFAULT CELL_FLASH_CACHE DEFAULT)
  TABLESPACE "USERS"  ENABLE;
--------------------------------------------------------
--  Constraints for Table LOAI
--------------------------------------------------------

  ALTER TABLE "PDBADMIN"."LOAI" MODIFY ("MALOAI" NOT NULL ENABLE);
  ALTER TABLE "PDBADMIN"."LOAI" MODIFY ("TENLOAI" NOT NULL ENABLE);
  ALTER TABLE "PDBADMIN"."LOAI" ADD PRIMARY KEY ("MALOAI")
  USING INDEX PCTFREE 10 INITRANS 2 MAXTRANS 255 COMPUTE STATISTICS 
  STORAGE(INITIAL 65536 NEXT 1048576 MINEXTENTS 1 MAXEXTENTS 2147483645
  PCTINCREASE 0 FREELISTS 1 FREELIST GROUPS 1
  BUFFER_POOL DEFAULT FLASH_CACHE DEFAULT CELL_FLASH_CACHE DEFAULT)
  TABLESPACE "USERS"  ENABLE;
--------------------------------------------------------
--  Constraints for Table MAU
--------------------------------------------------------

  ALTER TABLE "PDBADMIN"."MAU" MODIFY ("MAMAU" NOT NULL ENABLE);
  ALTER TABLE "PDBADMIN"."MAU" MODIFY ("TENMAU" NOT NULL ENABLE);
  ALTER TABLE "PDBADMIN"."MAU" ADD PRIMARY KEY ("MAMAU")
  USING INDEX PCTFREE 10 INITRANS 2 MAXTRANS 255 COMPUTE STATISTICS 
  STORAGE(INITIAL 65536 NEXT 1048576 MINEXTENTS 1 MAXEXTENTS 2147483645
  PCTINCREASE 0 FREELISTS 1 FREELIST GROUPS 1
  BUFFER_POOL DEFAULT FLASH_CACHE DEFAULT CELL_FLASH_CACHE DEFAULT)
  TABLESPACE "USERS"  ENABLE;
--------------------------------------------------------
--  Constraints for Table PHANQUYEN
--------------------------------------------------------

  ALTER TABLE "PDBADMIN"."PHANQUYEN" MODIFY ("ROLE_ID" NOT NULL ENABLE);
  ALTER TABLE "PDBADMIN"."PHANQUYEN" ADD PRIMARY KEY ("ROLE_ID")
  USING INDEX PCTFREE 10 INITRANS 2 MAXTRANS 255 COMPUTE STATISTICS 
  STORAGE(INITIAL 65536 NEXT 1048576 MINEXTENTS 1 MAXEXTENTS 2147483645
  PCTINCREASE 0 FREELISTS 1 FREELIST GROUPS 1
  BUFFER_POOL DEFAULT FLASH_CACHE DEFAULT CELL_FLASH_CACHE DEFAULT)
  TABLESPACE "USERS"  ENABLE;
--------------------------------------------------------
--  Constraints for Table SANPHAM
--------------------------------------------------------

  ALTER TABLE "PDBADMIN"."SANPHAM" MODIFY ("MASP" NOT NULL ENABLE);
  ALTER TABLE "PDBADMIN"."SANPHAM" ADD PRIMARY KEY ("MASP")
  USING INDEX PCTFREE 10 INITRANS 2 MAXTRANS 255 COMPUTE STATISTICS 
  STORAGE(INITIAL 65536 NEXT 1048576 MINEXTENTS 1 MAXEXTENTS 2147483645
  PCTINCREASE 0 FREELISTS 1 FREELIST GROUPS 1
  BUFFER_POOL DEFAULT FLASH_CACHE DEFAULT CELL_FLASH_CACHE DEFAULT)
  TABLESPACE "USERS"  ENABLE;
--------------------------------------------------------
--  Constraints for Table TAIKHOAN
--------------------------------------------------------

  ALTER TABLE "PDBADMIN"."TAIKHOAN" MODIFY ("MATK" NOT NULL ENABLE);
  ALTER TABLE "PDBADMIN"."TAIKHOAN" MODIFY ("ROLE_ID" NOT NULL ENABLE);
  ALTER TABLE "PDBADMIN"."TAIKHOAN" ADD PRIMARY KEY ("MATK")
  USING INDEX PCTFREE 10 INITRANS 2 MAXTRANS 255 COMPUTE STATISTICS 
  STORAGE(INITIAL 65536 NEXT 1048576 MINEXTENTS 1 MAXEXTENTS 2147483645
  PCTINCREASE 0 FREELISTS 1 FREELIST GROUPS 1
  BUFFER_POOL DEFAULT FLASH_CACHE DEFAULT CELL_FLASH_CACHE DEFAULT)
  TABLESPACE "USERS"  ENABLE;
--------------------------------------------------------
--  Ref Constraints for Table CHITIETKT
--------------------------------------------------------

  ALTER TABLE "PDBADMIN"."CHITIETKT" ADD CONSTRAINT "FK_MAKT" FOREIGN KEY ("MAKT")
	  REFERENCES "PDBADMIN"."KICHTHUOC" ("MAKT") ENABLE;
  ALTER TABLE "PDBADMIN"."CHITIETKT" ADD CONSTRAINT "FK_SPK" FOREIGN KEY ("MASP")
	  REFERENCES "PDBADMIN"."SANPHAM" ("MASP") ENABLE;
--------------------------------------------------------
--  Ref Constraints for Table CHITIETMAU
--------------------------------------------------------

  ALTER TABLE "PDBADMIN"."CHITIETMAU" ADD CONSTRAINT "FK_MAMAU" FOREIGN KEY ("MAMAU")
	  REFERENCES "PDBADMIN"."MAU" ("MAMAU") ENABLE;
  ALTER TABLE "PDBADMIN"."CHITIETMAU" ADD CONSTRAINT "FK_SP" FOREIGN KEY ("MASP")
	  REFERENCES "PDBADMIN"."SANPHAM" ("MASP") ENABLE;
--------------------------------------------------------
--  Ref Constraints for Table CTHD
--------------------------------------------------------

  ALTER TABLE "PDBADMIN"."CTHD" ADD CONSTRAINT "FK_MAHD" FOREIGN KEY ("MAHD")
	  REFERENCES "PDBADMIN"."HOADON" ("MAHD") ENABLE;
  ALTER TABLE "PDBADMIN"."CTHD" ADD CONSTRAINT "FK_MASP" FOREIGN KEY ("MASP")
	  REFERENCES "PDBADMIN"."SANPHAM" ("MASP") ENABLE;
  ALTER TABLE "PDBADMIN"."CTHD" ADD CONSTRAINT "FK_MAMAUHD" FOREIGN KEY ("MAMAU")
	  REFERENCES "PDBADMIN"."MAU" ("MAMAU") ENABLE;
  ALTER TABLE "PDBADMIN"."CTHD" ADD CONSTRAINT "FK_MAKTHD" FOREIGN KEY ("MAKT")
	  REFERENCES "PDBADMIN"."KICHTHUOC" ("MAKT") ENABLE;
--------------------------------------------------------
--  Ref Constraints for Table SANPHAM
--------------------------------------------------------

  ALTER TABLE "PDBADMIN"."SANPHAM" ADD CONSTRAINT "FK_MALOAI" FOREIGN KEY ("MALOAI")
	  REFERENCES "PDBADMIN"."LOAI" ("MALOAI") ENABLE;
--------------------------------------------------------
--  Ref Constraints for Table TAIKHOAN
--------------------------------------------------------

  ALTER TABLE "PDBADMIN"."TAIKHOAN" ADD CONSTRAINT "FK_ROLE" FOREIGN KEY ("ROLE_ID")
	  REFERENCES "PDBADMIN"."PHANQUYEN" ("ROLE_ID") ENABLE;
